Severity,Start_Time,Start_Lat,Start_Lng,City,State,Temperature(F),Humidity(%),Visibility(mi),Wind_Speed(mph),Precipitation(in),Weather_Condition
2,2023-01-24 15:48:12,35.310832,-94.200614,Lavaca,AR,33.0,96.0,0.5,12.0,0.19,Heavy Snow
2,2023-01-24 16:14:37,35.46230300000001,-92.184028,Quitman,AR,32.0,100.0,0.25,0.0,0.0,Snow
2,2023-01-30 18:40:54,34.973889,-92.418141,Mayflower,AR,32.0,86.0,6.0,7.0,0.09,Light Rain
2,2023-01-13 15:43:37,34.79268,-92.222789,North Little Rock,AR,42.0,47.0,10.0,9.0,0.0,Fair
2,2023-01-30 18:27:30,34.989466,-92.416162,Conway,AR,32.0,86.0,6.0,7.0,0.09,Light Rain
2,2023-01-24 18:48:23,36.050555,-94.192729,Fayetteville,AR,34.0,92.0,1.0,5.0,0.07,Light Snow
2,2023-01-21 17:17:03,34.769483,-92.116537,North Little Rock,AR,51.0,50.0,10.0,7.0,0.0,Cloudy
2,2023-01-15 19:16:00,34.87043,-91.287295,Brinkley,AR,53.0,52.0,10.0,13.0,0.0,Cloudy
2,2023-01-04 19:37:30,35.658012,-94.171412,Mountainburg,AR,42.0,62.0,10.0,0.0,0.0,Fair
2,2023-01-24 16:36:24,35.809054,-92.202578,Mountain View,AR,32.0,100.0,0.25,0.0,0.0,Snow
2,2023-01-01 23:01:50,35.016257,-90.726107,Madison,AR,,,,,,
2,2023-01-30 08:24:18,35.32743400000001,-94.394806,Fort Smith,AR,29.0,85.0,10.0,8.0,0.0,Cloudy
2,2023-01-29 01:16:04,34.786544,-92.281076,North Little Rock,AR,52.0,100.0,2.0,3.0,0.0,Rain
2,2023-01-17 14:12:00,35.11815900000001,-92.451299,Conway,AR,69.0,59.0,10.0,3.0,0.0,Fair
2,2023-01-30 06:33:30,35.33251,-94.296358,Lavaca,AR,29.0,89.0,10.0,8.0,0.0,Cloudy
4,2023-01-06 04:27:03,34.395579999999995,-92.374699,Sheridan,AR,36.0,86.0,10.0,0.0,0.0,Fair
2,2023-01-31 08:28:00,35.807023,-90.678183,Jonesboro,AR,23.0,85.0,10.0,10.0,0.0,Cloudy
2,2023-01-24 20:29:15,36.142732,-94.183423,Springdale,AR,32.0,100.0,1.0,9.0,,Cloudy
2,2023-01-18 07:02:08,34.893914,-92.429794,North Little Rock,AR,59.0,94.0,6.0,0.0,0.0,Light Drizzle
2,2023-01-31 02:19:30,35.132816,-90.478916,Heth,AR,29.0,92.0,7.0,18.0,0.0,Cloudy
2,2023-01-26 10:07:56,35.175865,-94.042359,Greenwood,AR,31.0,69.0,10.0,9.0,0.0,Fair
2,2023-01-31 09:28:30,35.648684,-90.085026,Osceola,AR,24.0,84.0,10.0,17.0,0.0,Cloudy
4,2023-01-30 05:36:04,35.339675,-94.382491,Fort Smith,AR,29.0,92.0,6.0,7.0,0.0,Cloudy
2,2023-01-13 13:29:39,33.927073,-94.373711,Horatio,AR,56.0,23.0,10.0,9.0,0.0,Fair
2,2023-01-14 08:45:00,34.632377000000005,-92.466319,Bryant,AR,33.0,70.0,10.0,0.0,0.0,Fair
2,2023-01-06 04:27:03,34.399212,-92.374051,Sheridan,AR,36.0,86.0,10.0,0.0,0.0,Fair
4,2023-01-25 14:10:56,33.891853999999995,-91.256114,Watson,AR,42.0,74.0,10.0,15.0,0.0,Cloudy
2,2023-01-23 11:27:36,36.16273,-93.862243,Hindsville,AR,39.0,81.0,10.0,0.0,,Fair
2,2023-01-03 18:28:30,34.70912576,-92.40213275,Little Rock,AR,58.0,62.0,10.0,6.0,0.0,Fair
2,2023-01-28 18:26:03,35.766019,-94.190591,Winslow,AR,50.0,83.0,10.0,7.0,0.0,Cloudy
2,2023-01-31 10:23:22,35.132542,-90.493868,Heth,AR,25.0,92.0,8.0,16.0,0.0,Cloudy
2,2023-01-24 20:29:15,36.0609591,-94.19824719,Fayetteville,AR,34.0,92.0,0.75,5.0,0.06,Light Snow
2,2023-01-28 23:38:35,34.744359,-92.391102,Little Rock,AR,53.0,89.0,2.0,3.0,0.14,Heavy Rain
4,2023-01-24 15:26:05,35.183549,-93.931248,Booneville,AR,33.0,96.0,0.5,14.0,0.03,Heavy Snow
2,2023-01-02 15:03:18,35.051429,-92.414531,Conway,AR,68.0,99.0,10.0,6.0,0.05,Cloudy
2,2023-01-31 10:54:30,35.137259,-90.431525,Heth,AR,25.0,92.0,8.0,16.0,0.0,Cloudy
2,2023-01-16 05:05:53,33.749983,-91.27562,Tillar,AR,57.0,72.0,10.0,7.0,0.0,Cloudy
2,2023-01-29 00:47:00,34.708135,-92.277379,Little Rock,AR,53.0,93.0,3.0,5.0,0.13,Light Rain
2,2023-01-17 16:27:57,34.748536,-92.387936,Little Rock,AR,64.0,69.0,10.0,3.0,0.0,Fair
2,2023-01-18 07:11:32,36.105761,-94.179582,Fayetteville,AR,55.0,96.0,3.0,3.0,0.43,Light Rain
4,2023-01-30 02:25:30,36.450178,-93.965518,Garfield,AR,21.0,100.0,3.0,8.0,0.0,Light Freezing Rain
2,2023-01-29 06:35:51,33.771351,-93.476572,Hope,AR,63.0,90.0,1.0,3.0,0.01,Fog
2,2023-01-25 07:18:26,36.1147,-94.175791,Fayetteville,AR,34.0,89.0,10.0,8.0,0.0,Cloudy
2,2023-01-22 01:52:54,34.644276,-92.435672,Little Rock,AR,43.0,86.0,7.0,5.0,0.0,Cloudy
2,2023-01-28 18:25:30,35.777691,-94.186405,Winslow,AR,50.0,83.0,10.0,7.0,0.0,Cloudy
2,2023-01-24 16:00:32,35.698449,-92.517591,Dennard,AR,34.0,93.0,1.0,0.0,0.0,Light Snow
4,2023-01-31 07:18:47,35.47851400000001,-90.346376,Tyronza,AR,25.0,92.0,9.0,20.0,0.0,Cloudy
2,2023-01-18 13:59:00,34.72757936,-92.26469636,Little Rock,AR,62.0,78.0,3.0,9.0,0.01,Light Rain
2,2023-01-02 22:31:03,34.974803,-92.417595,Mayflower,AR,68.0,100.0,8.0,12.0,0.0,Light Rain with Thunder
2,2023-01-24 13:48:19,36.136329,-94.478856,Siloam Springs,AR,37.0,93.0,7.0,7.0,0.0,Light Rain
2,2023-01-30 15:10:30,34.706489000000005,-92.288242,Little Rock,AR,36.0,86.0,10.0,10.0,0.0,Cloudy
2,2023-01-29 00:11:55,36.155163,-94.507418,Siloam Springs,AR,48.0,100.0,7.0,6.0,0.0,Cloudy
2,2023-01-21 17:23:05,36.188616,-93.456032,Berryville,AR,36.0,100.0,2.0,3.0,0.0,Rain
2,2023-01-30 17:15:14,34.670942,-92.406687,Little Rock,AR,36.0,79.0,10.0,9.0,0.0,Cloudy
2,2023-01-04 18:14:30,36.074524,-94.202578,Fayetteville,AR,44.0,47.0,10.0,9.0,0.0,Fair
2,2023-01-18 06:17:06,36.10947,-94.169899,Fayetteville,AR,56.0,90.0,3.0,9.0,0.13,Light Rain with Thunder
4,2023-01-17 05:54:11,33.61107,-93.806524,Fulton,AR,61.0,90.0,3.0,8.0,0.0,Fair
2,2023-01-30 06:42:43,34.73747,-94.080262,Boles,AR,29.0,98.0,10.0,9.0,0.0,Cloudy
4,2023-01-21 22:23:03,34.664674,-92.403565,Little Rock,AR,45.0,82.0,10.0,5.0,0.0,Cloudy
2,2023-01-14 15:46:17,36.083855,-94.197638,Fayetteville,AR,50.0,47.0,10.0,8.0,,Fair
2,2023-01-03 17:31:13,33.95976,-93.220729,Gurdon,AR,59.0,51.0,10.0,3.0,0.0,Fair
2,2023-01-19 07:47:58,33.59902,-92.125196,Warren,AR,50.0,71.0,10.0,12.0,0.0,Fair
2,2023-01-30 11:05:30,35.30039191,-94.41342473,Fort Smith,AR,31.0,82.0,10.0,7.0,0.0,Cloudy
2,2023-01-04 13:18:05,34.546655,-91.911469,England,AR,55.0,40.0,10.0,12.0,0.0,Fair
2,2023-01-24 20:29:15,36.066503,-94.201212,Fayetteville,AR,34.0,92.0,0.75,5.0,0.06,Light Snow
2,2023-01-31 08:50:30,35.706649,-90.044208,Osceola,AR,24.0,88.0,10.0,17.0,0.0,Cloudy
2,2023-01-14 13:31:55,34.765945,-92.261848,North Little Rock,AR,46.0,47.0,10.0,0.0,0.0,Mostly Cloudy
2,2023-01-31 02:53:29,35.105121999999994,-90.587026,Widener,AR,28.0,88.0,10.0,18.0,0.0,Wintry Mix
2,2023-01-26 10:07:56,35.176038,-94.04368,Greenwood,AR,31.0,69.0,10.0,9.0,0.0,Fair
4,2023-01-19 19:58:13,35.928799,-90.587704,Brookland,AR,,,,,0.0,
2,2023-01-30 07:14:58,35.770299,-90.578981,Bay,AR,32.0,92.0,2.0,12.0,0.0,Fog
2,2023-01-28 20:57:12,34.755565000000004,-92.391472,Little Rock,AR,52.0,93.0,4.0,5.0,0.1,Heavy Rain
2,2023-01-03 13:50:30,34.387073,-91.382476,Almyra,AR,71.0,61.0,10.0,17.0,0.0,Fair
4,2023-01-23 12:45:21,36.318944,-94.126151,Rogers,AR,43.0,53.0,10.0,5.0,0.0,Fair
4,2023-01-23 14:58:56,34.54937,-92.625536,Benton,AR,51.0,44.0,10.0,0.0,0.0,Fair
2,2023-01-02 21:34:16,34.349246,-92.893943,Malvern,AR,66.0,96.0,5.0,9.0,0.05,T-Storm
2,2023-01-19 07:23:49,34.716796,-92.401397,Little Rock,AR,40.0,93.0,10.0,6.0,0.0,Fair
2,2023-01-30 16:33:56,36.078338,-94.200484,Fayetteville,AR,24.0,84.0,2.0,7.0,0.01,N/A Precipitation
2,2023-01-19 09:38:00,34.465623,-93.022032,Hot Springs National Park,AR,45.0,49.0,10.0,10.0,0.0,Fair
4,2023-01-30 06:15:27,35.338478,-94.386336,Fort Smith,AR,29.0,92.0,6.0,7.0,0.0,Cloudy
4,2023-01-25 00:34:37,36.174058,-94.317161,Springdale,AR,32.0,100.0,10.0,8.0,,Cloudy
2,2023-01-31 07:30:00,35.452557,-91.407032,Bradford,AR,25.0,92.0,10.0,10.0,0.0,Cloudy
4,2023-01-17 07:54:43,34.609623,-92.53749,Benton,AR,62.0,86.0,5.0,3.0,0.0,Mostly Cloudy
2,2023-01-15 00:51:30,34.929074,-91.11234,Wheatley,AR,35.0,89.0,10.0,6.0,0.0,Fair
2,2023-01-30 07:36:34,34.754,-92.262209,North Little Rock,AR,37.0,89.0,5.0,10.0,0.0,Cloudy
2,2023-01-23 20:02:00,34.818629,-91.594033,Hazen,AR,41.0,86.0,10.0,3.0,0.0,Fair
2,2023-01-31 03:51:00,35.133412,-90.467996,Heth,AR,27.0,92.0,3.0,16.0,0.0,Wintry Mix
2,2023-01-30 23:55:00,35.648854,-91.235682,Newport,AR,27.0,92.0,4.0,17.0,0.01,Wintry Mix
2,2023-01-19 06:17:24,34.357464,-91.800565,Wabbaseka,AR,51.0,77.0,10.0,9.0,0.0,Fair
2,2023-01-03 07:05:00,36.054075,-94.194584,Fayetteville,AR,57.0,67.0,10.0,10.0,0.0,Mostly Cloudy
2,2023-01-03 08:08:25,35.15317082,-90.14444232,West Memphis,AR,62.0,96.0,4.0,9.0,0.1,T-Storm
2,2023-01-30 09:55:31,35.907248,-94.193801,West Fork,AR,25.0,88.0,10.0,6.0,0.0,Cloudy
2,2023-01-18 08:36:48,34.670443,-92.406167,Little Rock,AR,63.0,90.0,1.0,7.0,0.0,Fog
2,2023-01-23 16:19:29,34.74517465,-92.33649373,Little Rock,AR,52.0,43.0,10.0,3.0,0.0,Fair
2,2023-01-21 10:49:00,35.49121599999999,-94.177746,Alma,AR,49.0,54.0,10.0,8.0,0.0,Mostly Cloudy
2,2023-01-24 13:07:00,34.690525,-94.199105,Boles,AR,32.0,100.0,0.5,3.0,0.01,Snow
2,2023-01-02 10:45:07,35.014269,-90.836666,Forrest City,AR,70.0,87.0,10.0,12.0,0.0,Cloudy
2,2023-01-24 20:01:44,34.81310964,-92.35357404,Maumelle,AR,37.0,99.0,10.0,14.0,0.08,Light Rain
2,2023-01-30 09:55:31,35.903694,-94.19198,Winslow,AR,25.0,88.0,10.0,6.0,0.0,Cloudy
2,2023-01-05 18:21:05,34.636621000000005,-92.473153,Alexander,AR,53.0,32.0,10.0,10.0,0.0,Fair
2,2023-01-06 06:47:52,34.277458,-92.141458,White Hall,AR,35.0,89.0,10.0,3.0,0.0,Fair
4,2023-01-29 22:33:37,34.456258,-92.757655,Malvern,AR,46.0,96.0,3.0,5.0,0.0,Cloudy
2,2023-01-19 19:58:13,35.918575,-90.58874,Brookland,AR,,,,,0.0,
2,2023-01-30 21:37:00,35.666002,-91.196729,Newport,AR,29.0,92.0,4.0,15.0,0.03,Light Snow
2,2023-01-31 07:56:22,35.796165,-91.020727,Cash,AR,22.0,89.0,10.0,13.0,0.0,Cloudy
2,2023-01-01 08:12:02,34.862702,-91.315754,Brinkley,AR,52.0,93.0,5.0,5.0,0.0,Fair
2,2023-01-05 18:39:48,35.807339,-90.714329,Jonesboro,AR,48.0,44.0,10.0,5.0,0.0,Fair
2,2023-01-13 15:52:01,34.595543,-92.558735,Benton,AR,47.0,42.0,10.0,12.0,0.0,Fair
2,2023-01-25 06:36:30,34.032957,-94.191165,Lockesburg,AR,42.0,73.0,10.0,10.0,0.0,Cloudy
2,2023-01-25 09:10:55,36.1094,-94.170085,Fayetteville,AR,34.0,92.0,1.0,10.0,0.0,Fog
2,2023-01-24 06:57:30,34.615662,-92.504398,Bryant,AR,36.0,86.0,10.0,0.0,0.0,Fair
2,2023-01-17 07:48:04,35.016243,-92.070779,Cabot,AR,56.0,99.0,2.0,0.0,0.0,Fog
2,2023-01-17 15:00:42,35.122258,-92.496756,Conway,AR,69.0,58.0,10.0,6.0,0.0,Fair
2,2023-01-25 06:17:34,33.727012,-93.469566,Emmet,AR,36.0,93.0,10.0,5.0,0.0,Cloudy
2,2023-01-13 11:55:19,35.36738300000001,-93.535862,Scranton,AR,42.0,55.0,10.0,7.0,0.0,Fair
2,2023-01-13 07:32:34,35.194136,-92.391413,Greenbrier,AR,33.0,67.0,10.0,12.0,0.0,Cloudy
2,2023-01-02 17:35:30,33.655235,-93.657252,Hope,AR,70.0,84.0,10.0,13.0,0.11,Mostly Cloudy
2,2023-01-24 18:48:23,36.0609591,-94.19824719,Fayetteville,AR,34.0,92.0,1.0,5.0,0.07,Light Snow
2,2023-01-02 19:52:34,36.402113,-94.190841,Bentonville,AR,62.0,93.0,10.0,3.0,0.0,Light Rain with Thunder
2,2023-01-30 23:41:46,35.33487439,-94.39366221,Fort Smith,AR,28.0,85.0,8.0,6.0,0.0,Cloudy
4,2023-01-31 02:32:00,35.133199,-90.46706,Heth,AR,28.0,88.0,10.0,18.0,0.0,Wintry Mix
2,2023-01-31 09:28:30,35.623721999999994,-90.103111,Osceola,AR,24.0,84.0,10.0,17.0,0.0,Cloudy
2,2023-01-25 06:55:00,35.961969,-94.195527,Fayetteville,AR,34.0,89.0,10.0,8.0,0.0,Cloudy
2,2023-01-05 00:32:37,34.540963,-92.63257,Benton,AR,41.0,67.0,10.0,6.0,0.0,Fair
4,2023-01-25 07:40:00,35.212017,-94.408965,Hackett,AR,35.0,92.0,9.0,9.0,0.0,Heavy Snow
2,2023-01-01 08:57:26,34.843072,-92.494959,Roland,AR,52.0,99.0,7.0,0.0,0.0,Fair
4,2023-01-23 11:40:15,35.99536,-94.009014,Elkins,AR,41.0,65.0,10.0,0.0,0.0,Fair
2,2023-01-30 21:27:24,35.642555,-91.23894,Newport,AR,29.0,92.0,4.0,15.0,0.03,Light Snow
2,2023-01-30 09:54:30,35.992634,-94.196706,Fayetteville,AR,25.0,88.0,10.0,6.0,0.0,Cloudy
2,2023-01-28 23:41:50,34.790593,-92.076644,Scott,AR,53.0,89.0,2.0,3.0,0.14,Heavy Rain
2,2023-01-31 06:28:42,35.185136,-92.771376,Morrilton,AR,26.0,84.0,10.0,5.0,0.0,Cloudy
2,2023-01-24 16:46:53,35.2868,-92.911433,Atkins,AR,34.0,87.0,1.0,9.0,0.04,Light Snow
2,2023-01-13 16:51:31,34.57798,-92.583495,Benton,AR,43.0,47.0,10.0,13.0,0.0,Fair
4,2023-01-30 06:22:30,35.406554,-94.366291,Fort Smith,AR,29.0,92.0,6.0,7.0,0.0,Cloudy
2,2023-01-24 16:21:50,35.516006,-92.232473,Higden,AR,32.0,100.0,0.25,0.0,0.0,Snow
2,2023-01-28 22:23:30,35.1567328,-90.12392878,West Memphis,AR,51.0,71.0,10.0,17.0,0.05,Cloudy
2,2023-01-31 09:41:30,35.596529,-90.122801,Osceola,AR,24.0,84.0,10.0,17.0,0.0,Cloudy
2,2023-01-30 20:03:07,35.894974,-90.794532,Bono,AR,28.0,85.0,2.0,12.0,0.0,Wintry Mix
2,2023-01-31 05:52:30,35.332031,-90.264685,Turrell,AR,26.0,88.0,6.0,16.0,0.0,Cloudy
2,2023-01-23 06:31:57,34.913244,-91.874113,Lonoke,AR,29.0,99.0,10.0,0.0,0.0,Fair
2,2023-01-31 08:38:53,35.716167,-90.5791,Bay,AR,23.0,85.0,10.0,10.0,0.0,Cloudy
2,2023-01-02 07:01:27,36.387252,-94.182772,Bentonville,AR,52.0,97.0,3.0,7.0,0.0,Fair
2,2023-01-15 06:01:10,34.608559,-92.525614,Bryant,AR,32.0,82.0,9.0,0.0,0.0,Partly Cloudy
2,2023-01-31 07:56:22,35.781811,-91.036561,Newport,AR,23.0,92.0,10.0,13.0,0.0,Cloudy
2,2023-01-30 16:00:58,35.247722,-92.872101,Atkins,AR,35.0,78.0,10.0,6.0,0.0,Cloudy
2,2023-01-24 16:45:10,36.090378,-94.192537,Fayetteville,AR,34.0,92.0,0.25,3.0,0.11,Heavy Snow
2,2023-01-30 07:21:12,35.33264600000001,-94.394309,Fort Smith,AR,29.0,85.0,10.0,7.0,0.0,Cloudy
2,2023-01-24 17:26:55,35.903823,-92.625189,Marshall,AR,32.0,100.0,0.5,0.0,0.0,Light Snow
2,2023-01-24 14:47:00,35.060725,-92.19939,Vilonia,AR,40.0,99.0,10.0,9.0,0.04,Light Rain
2,2023-01-19 16:15:31,35.13705611,-90.09266496,West Memphis,AR,50.0,50.0,10.0,9.0,0.0,Fair
2,2023-01-04 08:07:31,34.780732,-92.265957,North Little Rock,AR,39.0,84.0,10.0,6.0,0.0,Fair
2,2023-01-02 02:57:22,33.2737,-91.182406,Lake Village,AR,66.0,88.0,2.0,6.0,0.0,Fog
2,2023-01-31 11:24:30,35.791056,-91.026462,Cash,AR,24.0,81.0,10.0,7.0,0.0,Cloudy
2,2023-01-25 16:05:18,34.883563,-92.391528,Maumelle,AR,40.0,71.0,10.0,13.0,0.0,Cloudy
4,2023-01-19 13:20:19,35.251565,-91.093538,McCrory,AR,50.0,50.0,10.0,22.0,0.0,Fair / Windy
2,2023-01-24 16:59:21,35.93842700000001,-94.195596,West Fork,AR,34.0,92.0,0.25,3.0,0.11,Heavy Snow
4,2023-01-03 22:48:41,35.778024,-90.812226,Jonesboro,AR,59.0,55.0,10.0,10.0,0.0,Fair
2,2023-01-30 06:31:30,35.312789,-94.398645,Fort Smith,AR,29.0,89.0,10.0,8.0,0.0,Cloudy
2,2023-01-31 07:56:22,35.661642,-91.206343,Newport,AR,23.0,92.0,10.0,13.0,0.0,Cloudy
4,2023-01-17 13:21:40,35.963618,-94.318286,Prairie Grove,AR,69.0,30.0,10.0,5.0,0.0,Fair
2,2023-01-02 13:13:00,35.564439,-90.78448,Harrisburg,AR,69.0,90.0,5.0,10.0,0.0,Cloudy
2,2023-01-15 18:51:47,35.459989,-94.401198,Van Buren,AR,60.0,64.0,10.0,9.0,0.0,Cloudy
2,2023-01-23 17:19:22,34.743972,-92.294747,Little Rock,AR,50.0,48.0,10.0,5.0,0.0,Fair
2,2023-01-18 06:48:42,36.409348,-94.206949,Bentonville,AR,50.0,94.0,6.0,9.0,0.11,Rain
2,2023-01-25 07:48:05,35.892524,-89.891832,Blytheville,AR,36.0,93.0,10.0,15.0,0.0,Cloudy
2,2023-01-31 08:50:30,35.763363,-90.005664,Luxora,AR,24.0,88.0,10.0,17.0,0.0,Cloudy
2,2023-01-18 06:19:30,36.106881,-94.176215,Fayetteville,AR,56.0,90.0,3.0,9.0,0.13,Light Rain with Thunder
4,2023-01-03 08:37:22,36.112657,-94.171442,Fayetteville,AR,55.0,59.0,10.0,15.0,0.0,Mostly Cloudy
4,2023-01-02 07:43:01,34.359844,-91.797884,Wabbaseka,AR,66.0,93.0,2.0,8.0,0.0,Fog
2,2023-01-24 16:39:18,35.736395,-92.264298,Mountain View,AR,32.0,100.0,0.25,0.0,0.0,Snow
2,2023-01-30 06:26:25,35.90773,-94.193207,Winslow,AR,25.0,88.0,10.0,6.0,0.0,Cloudy
2,2023-01-05 12:30:21,34.745715999999994,-92.262533,Little Rock,AR,58.0,28.0,10.0,18.0,0.0,Fair
2,2023-01-23 12:51:30,36.323592,-94.126008,Rogers,AR,43.0,53.0,10.0,5.0,0.0,Fair
2,2023-01-31 10:11:05,35.693892,-90.052867,Osceola,AR,24.0,84.0,10.0,18.0,0.0,Cloudy
4,2023-01-14 08:35:26,34.632377000000005,-92.466319,Bryant,AR,33.0,70.0,10.0,0.0,0.0,Fair
2,2023-01-17 07:26:00,34.59967,-92.553036,Benton,AR,62.0,86.0,5.0,3.0,0.0,Mostly Cloudy
2,2023-01-13 07:04:54,34.88725,-92.106809,Jacksonville,AR,33.0,68.0,10.0,8.0,0.0,Cloudy
4,2023-01-24 16:01:46,35.246778000000006,-94.203643,Fort Smith,AR,33.0,96.0,0.5,12.0,0.19,Heavy Snow
2,2023-01-30 08:04:30,35.790556,-94.190187,Winslow,AR,25.0,88.0,9.0,8.0,0.0,Cloudy
2,2023-01-31 06:32:37,35.423107,-90.232053,Gilmore,AR,25.0,92.0,9.0,20.0,0.0,Cloudy
2,2023-01-31 03:51:00,35.134193,-90.444569,Heth,AR,27.0,92.0,3.0,16.0,0.0,Wintry Mix
2,2023-01-13 14:58:31,34.700166,-92.298797,Little Rock,AR,48.0,41.0,10.0,8.0,0.0,Fair
2,2023-01-27 08:07:53,34.923456,-94.162118,Waldron,AR,33.0,88.0,10.0,5.0,0.0,Fair
2,2023-01-01 03:37:03,34.871818,-92.122775,Jacksonville,AR,48.0,100.0,0.25,0.0,0.0,Fog
4,2023-01-03 11:14:12,36.247207,-92.271343,Mountain Home,AR,61.0,93.0,10.0,6.0,0.0,Mostly Cloudy
2,2023-01-26 11:18:25,34.878956,-92.114288,Jacksonville,AR,37.0,54.0,10.0,12.0,0.0,Fair
2,2023-01-24 06:58:05,34.645561,-92.431337,Little Rock,AR,36.0,86.0,10.0,0.0,0.0,Fair
2,2023-01-30 08:04:30,35.794949,-94.189588,Winslow,AR,25.0,88.0,9.0,8.0,0.0,Cloudy
2,2023-01-30 20:47:30,35.807292,-90.695237,Jonesboro,AR,28.0,92.0,1.0,7.0,0.0,Wintry Mix
2,2023-01-17 07:48:04,35.019919,-92.071511,Cabot,AR,56.0,99.0,2.0,0.0,0.0,Fog
2,2023-01-03 11:14:12,36.246788,-92.269927,Mountain Home,AR,61.0,93.0,10.0,6.0,0.0,Mostly Cloudy
2,2023-01-22 19:44:30,35.52808,-94.050919,Mulberry,AR,41.0,73.0,10.0,6.0,0.0,Cloudy
2,2023-01-05 20:46:00,35.405257,-93.379272,Lamar,AR,35.0,76.0,10.0,0.0,0.0,Fair
2,2023-01-18 21:12:03,36.42468,-94.154941,Bentonville,AR,49.0,71.0,10.0,8.0,0.0,Fair
2,2023-01-27 16:58:03,35.765944,-94.190385,Winslow,AR,52.0,38.0,10.0,15.0,0.0,Fair
2,2023-01-29 22:46:00,34.460671999999995,-92.75219,Malvern,AR,46.0,96.0,2.0,6.0,0.0,Fog
2,2023-01-16 07:13:24,35.528295,-94.05092,Mulberry,AR,65.0,70.0,10.0,16.0,0.0,Fair
4,2023-01-19 08:25:19,36.421481,-94.399323,Gravette,AR,32.0,69.0,10.0,21.0,0.0,Cloudy / Windy
2,2023-01-03 16:03:24,34.442554,-92.883359,Malvern,AR,66.0,38.0,10.0,13.0,0.0,Fair
2,2023-01-17 07:29:18,34.472008,-92.738219,Malvern,AR,52.0,100.0,0.0,0.0,0.0,Fog
2,2023-01-27 12:13:51,34.818961,-92.365597,Maumelle,AR,55.0,31.0,10.0,18.0,0.0,Fair
2,2023-01-02 11:22:02,35.564439,-90.78448,Harrisburg,AR,66.0,93.0,3.0,14.0,0.0,Cloudy
2,2023-01-16 20:13:32,34.779804,-92.212578,North Little Rock,AR,63.0,87.0,1.0,7.0,0.18,Heavy Rain
2,2023-01-19 06:50:30,34.773761,-92.261747,North Little Rock,AR,48.0,83.0,10.0,7.0,0.0,Fair
2,2023-01-30 03:50:00,35.426314,-94.342493,Van Buren,AR,30.0,92.0,3.0,9.0,0.0,Cloudy
2,2023-01-24 15:45:10,35.476597,-94.25428,Van Buren,AR,33.0,96.0,0.5,12.0,0.19,Heavy Snow
2,2023-01-05 16:02:39,34.73397374,-92.26510405,Little Rock,AR,58.0,27.0,10.0,10.0,0.0,Fair
2,2023-01-18 06:17:06,36.112657,-94.171442,Fayetteville,AR,56.0,90.0,3.0,9.0,0.13,Light Rain with Thunder
2,2023-01-23 07:39:59,34.784977000000005,-92.128823,North Little Rock,AR,34.0,92.0,10.0,0.0,0.0,Fair
2,2023-01-31 08:40:00,36.09194398,-94.19127345,Fayetteville,AR,22.0,89.0,1.0,3.0,0.0,Fog
2,2023-01-31 09:41:30,35.611492,-90.111953,Wilson,AR,27.0,100.0,10.0,7.0,0.0,Cloudy
4,2023-01-24 21:18:56,35.027316,-94.121204,Booneville,AR,33.0,96.0,1.0,3.0,0.02,Heavy Snow
2,2023-01-23 07:31:11,36.123779,-90.510669,Paragould,AR,36.0,89.0,7.0,5.0,0.0,Fair
2,2023-01-13 15:52:01,34.602655,-92.542986,Benton,AR,47.0,42.0,10.0,12.0,0.0,Fair
2,2023-01-19 20:18:00,35.929049,-90.587582,Brookland,AR,,,,,0.0,
2,2023-01-17 16:42:10,34.815323,-92.201811,North Little Rock,AR,66.0,70.0,10.0,6.0,0.0,Mostly Cloudy
2,2023-01-26 06:52:45,34.70730185,-92.2699964,Little Rock,AR,32.0,73.0,10.0,10.0,0.0,Fair
2,2023-01-25 03:18:00,35.945237,-94.193535,Fayetteville,AR,34.0,89.0,10.0,9.0,0.0,Cloudy
4,2023-01-24 17:42:38,35.793183,-92.537563,Leslie,AR,32.0,100.0,0.5,0.0,0.0,Light Snow
2,2023-01-31 06:32:00,35.33605900000001,-90.266835,Turrell,AR,25.0,92.0,9.0,20.0,0.0,Cloudy
2,2023-01-23 23:09:30,34.470605,-93.130899,Hot Springs National Park,AR,39.0,73.0,10.0,5.0,0.0,Fair
4,2023-01-25 09:07:15,36.400716,-93.68368,Eureka Springs,AR,32.0,100.0,1.0,10.0,0.0,Cloudy
2,2023-01-24 06:43:00,34.616501,-92.904379,Hot Springs National Park,AR,36.0,86.0,10.0,6.0,0.0,Fair
2,2023-01-21 23:49:53,35.45646400000001,-93.477247,Clarksville,AR,42.0,85.0,10.0,3.0,0.0,Cloudy
2,2023-01-21 11:45:30,34.468381,-92.532338,Benton,AR,47.0,59.0,10.0,9.0,0.0,Mostly Cloudy
2,2023-01-25 05:01:43,34.644169,-92.435436,Little Rock,AR,38.0,83.0,10.0,12.0,0.0,Cloudy
2,2023-01-27 13:50:41,34.747972999999995,-92.387408,Little Rock,AR,59.0,26.0,10.0,18.0,0.0,Fair
2,2023-01-24 17:23:47,33.89832,-93.304024,Gurdon,AR,38.0,89.0,2.0,15.0,0.1,Rain
2,2023-01-25 11:30:34,35.21004,-92.930058,Atkins,AR,39.0,86.0,10.0,14.0,0.0,Cloudy
2,2023-01-31 06:32:37,35.423107,-90.232053,Gilmore,AR,25.0,92.0,9.0,20.0,0.0,Cloudy
4,2023-01-14 14:42:05,35.508927,-90.148545,Joiner,AR,45.0,43.0,10.0,0.0,0.0,Fair
2,2023-01-31 02:53:29,35.100228,-90.602121,Widener,AR,28.0,88.0,10.0,18.0,0.0,Wintry Mix
2,2023-01-02 10:35:00,34.643190000000004,-92.438515,Little Rock,AR,68.0,87.0,1.0,12.0,0.0,Fog
2,2023-01-17 12:27:27,36.482066,-94.233861,Bella Vista,AR,64.0,28.0,10.0,8.0,0.0,Fair
4,2023-01-14 23:59:44,34.925929,-91.126097,Wheatley,AR,36.0,86.0,10.0,7.0,0.0,Fair
2,2023-01-18 16:49:53,34.311999,-92.456785,Sheridan,AR,58.0,90.0,2.0,3.0,0.17,Light Rain
2,2023-01-29 15:30:30,35.388172,-94.364042,Fort Smith,AR,38.0,86.0,10.0,10.0,0.0,Cloudy
2,2023-01-03 12:08:26,35.05592,-92.086292,Austin,AR,69.0,57.0,10.0,8.0,0.0,Fair
2,2023-01-29 19:46:02,34.401946,-92.818851,Malvern,AR,56.0,93.0,10.0,5.0,0.08,Cloudy
2,2023-01-06 16:10:56,33.679601,-94.008791,Ashdown,AR,68.0,37.0,10.0,13.0,0.0,Fair
2,2023-01-15 19:40:32,34.53991055,-92.64932513,Benton,AR,56.0,51.0,10.0,12.0,0.0,Cloudy
2,2023-01-22 15:01:32,34.668155,-92.405437,Little Rock,AR,48.0,77.0,7.0,13.0,0.0,Cloudy
2,2023-01-27 13:50:28,34.747972999999995,-92.381118,Little Rock,AR,59.0,31.0,10.0,16.0,0.0,Fair
2,2023-01-02 13:13:00,35.564439,-90.78448,Harrisburg,AR,69.0,90.0,5.0,10.0,0.0,Cloudy
2,2023-01-17 16:23:52,35.099028999999994,-92.430069,Conway,AR,68.0,61.0,10.0,3.0,0.0,Fair
2,2023-01-30 20:50:30,34.836769,-92.165197,North Little Rock,AR,33.0,85.0,6.0,9.0,0.2,Light Rain
2,2023-01-25 01:33:30,34.984963,-90.902102,Palestine,AR,44.0,100.0,2.0,5.0,0.02,Light Rain
2,2023-01-25 10:18:30,35.807592,-94.188201,Winslow,AR,34.0,89.0,2.0,9.0,0.0,Fog
2,2023-01-23 19:56:41,34.818878999999995,-91.563195,Hazen,AR,41.0,86.0,10.0,3.0,0.0,Fair
2,2023-01-31 05:52:30,35.31624199999999,-90.256286,Turrell,AR,26.0,88.0,6.0,16.0,0.0,Cloudy
2,2023-01-22 22:36:07,34.809596,-92.358475,North Little Rock,AR,40.0,74.0,10.0,3.0,0.0,Fair
2,2023-01-31 10:23:22,35.095448,-90.617592,Widener,AR,25.0,92.0,8.0,16.0,0.0,Cloudy
2,2023-01-30 06:52:18,36.481694,-93.915834,Garfield,AR,20.0,96.0,4.0,7.0,0.0,Cloudy
2,2023-01-28 09:56:28,34.91118,-92.181452,Jacksonville,AR,45.0,61.0,10.0,5.0,0.0,Cloudy
2,2023-01-27 19:16:29,33.688993,-92.710633,Camden,AR,48.0,46.0,10.0,0.0,0.0,Fair
2,2023-01-02 17:23:36,34.464076,-93.027338,Hot Springs National Park,AR,69.0,90.0,6.0,9.0,0.05,T-Storm
2,2023-01-30 16:18:20,34.678444,-92.407484,Little Rock,AR,37.0,93.0,10.0,6.0,0.0,Cloudy
2,2023-01-27 22:54:31,34.744977,-92.331251,Little Rock,AR,47.0,46.0,10.0,9.0,0.0,Fair
2,2023-01-06 15:53:23,36.400638,-93.680703,Eureka Springs,AR,54.0,35.0,10.0,6.0,0.0,Partly Cloudy
2,2023-01-19 13:19:26,34.668927000000004,-92.339195,Little Rock,AR,54.0,35.0,10.0,13.0,0.0,Fair
2,2023-01-20 18:31:19,34.670247,-92.381856,Little Rock,AR,46.0,56.0,10.0,6.0,0.0,Fair
2,2023-01-03 09:04:28,34.954613,-92.072207,Cabot,AR,63.0,100.0,0.25,5.0,0.0,Fog
2,2023-01-31 05:24:30,35.52479625,-90.42776942,Marked Tree,AR,23.0,88.0,5.0,13.0,0.0,Cloudy
2,2023-01-31 03:51:00,35.133412,-90.467996,Heth,AR,27.0,92.0,3.0,16.0,0.0,Wintry Mix
2,2023-01-27 08:42:29,36.180797,-94.33488,Siloam Springs,AR,39.0,60.0,10.0,20.0,0.0,Fair
2,2023-01-31 09:56:30,35.634213,-91.238469,Newport,AR,24.0,88.0,10.0,16.0,0.0,Cloudy
2,2023-01-18 07:29:13,34.664674,-92.403565,Little Rock,AR,61.0,90.0,1.0,8.0,0.0,Fog
2,2023-01-01 01:44:03,34.66075900000001,-92.262541,Little Rock,AR,46.0,93.0,0.5,0.0,0.0,Fog
2,2023-01-02 14:48:56,35.82177700000001,-94.189122,Winslow,AR,70.0,78.0,1.0,15.0,0.09,T-Storm
2,2023-01-30 06:26:25,35.864687,-94.177253,Winslow,AR,25.0,88.0,10.0,6.0,0.0,Cloudy
2,2023-01-18 21:15:30,36.415933,-94.159393,Bentonville,AR,49.0,71.0,10.0,8.0,0.0,Fair
2,2023-01-30 15:46:28,34.676456,-92.409998,Little Rock,AR,37.0,93.0,10.0,6.0,0.0,Cloudy
2,2023-01-24 17:46:10,34.54950213,-92.25304484,Hensley,AR,39.0,82.0,2.0,22.0,0.32,Rain / Windy
2,2023-01-30 11:54:56,36.41305804,-94.21464086,Bentonville,AR,20.0,92.0,0.75,10.0,0.0,Light Snow
2,2023-01-01 11:41:12,34.03366,-92.935903,Arkadelphia,AR,63.0,72.0,10.0,8.0,0.0,Fair
2,2023-01-31 01:32:27,34.840554,-92.15193629,Jacksonville,AR,30.0,100.0,10.0,3.0,0.0,Cloudy
4,2023-01-30 06:26:25,35.82468499999999,-94.18627,Winslow,AR,25.0,88.0,10.0,6.0,0.0,Cloudy
2,2023-01-04 06:55:38,34.745554,-92.262667,Little Rock,AR,44.0,58.0,10.0,7.0,0.0,Fair
2,2023-01-31 06:32:37,35.36920667,-90.27951837,Turrell,AR,25.0,92.0,9.0,20.0,0.0,Cloudy
2,2023-01-14 13:31:55,34.773499,-92.261356,North Little Rock,AR,46.0,47.0,10.0,0.0,0.0,Mostly Cloudy
2,2023-01-30 06:26:25,35.903897,-94.191253,West Fork,AR,25.0,88.0,10.0,6.0,0.0,Cloudy
2,2023-01-26 12:51:00,36.335172,-90.52507,Knobel,AR,37.0,75.0,10.0,14.0,0.0,
2,2023-01-17 06:19:30,34.734803,-92.261556,Little Rock,AR,63.0,87.0,1.0,6.0,0.0,Fog
2,2023-01-31 08:50:30,35.70192933,-90.04741073,Osceola,AR,24.0,88.0,10.0,17.0,0.0,Cloudy
2,2023-01-31 05:24:30,35.527882,-90.451519,Marked Tree,AR,23.0,88.0,5.0,13.0,0.0,Cloudy
2,2023-01-30 07:50:12,35.374223,-94.365198,Fort Smith,AR,29.0,89.0,3.0,7.0,0.0,Cloudy
2,2023-01-15 20:56:04,35.60383,-94.177302,Mountainburg,AR,60.0,64.0,10.0,6.0,0.0,Cloudy
2,2023-01-18 06:40:42,34.891958,-92.426396,Maumelle,AR,59.0,94.0,6.0,0.0,0.0,Cloudy
2,2023-01-22 06:57:31,34.777394,-92.257934,North Little Rock,AR,44.0,85.0,3.0,0.0,0.01,Light Drizzle
2,2023-01-15 19:35:07,35.907803,-92.658163,Marshall,AR,54.0,54.0,10.0,7.0,0.0,Cloudy
2,2023-01-30 03:47:48,35.421134,-94.349459,Fort Smith,AR,30.0,92.0,3.0,9.0,0.0,Cloudy
2,2023-01-19 06:55:35,34.932778000000006,-92.080051,Cabot,AR,40.0,93.0,10.0,6.0,0.0,Fair
2,2023-01-23 11:02:05,34.745182,-92.336497,Little Rock,AR,47.0,52.0,10.0,0.0,0.0,Fair
2,2023-01-30 20:03:07,35.8942759,-90.79473853,Bono,AR,28.0,85.0,2.0,12.0,0.0,Wintry Mix
4,2023-01-21 02:52:18,34.106221999999995,-93.692658,Murfreesboro,AR,35.0,82.0,10.0,0.0,0.0,Cloudy
2,2023-01-18 08:11:30,35.174558000000005,-92.739795,Morrilton,AR,58.0,93.0,2.0,3.0,0.02,Light Rain
2,2023-01-18 07:43:49,34.295917,-94.281899,Wickes,AR,66.0,90.0,6.0,8.0,0.0,Cloudy
2,2023-01-24 20:31:30,35.733128,-94.198207,Chester,AR,34.0,92.0,0.75,5.0,0.06,Light Snow
2,2023-01-17 16:27:57,34.74867225,-92.39406466,Little Rock,AR,64.0,69.0,10.0,3.0,0.0,Fair
2,2023-01-28 12:28:01,34.706192,-92.270084,Little Rock,AR,48.0,66.0,3.0,5.0,0.01,Light Rain
2,2023-01-22 14:17:07,34.663351,-92.399351,Little Rock,AR,48.0,80.0,7.0,10.0,0.0,Cloudy
2,2023-01-25 03:54:16,35.945237,-94.193535,Fayetteville,AR,34.0,92.0,9.0,7.0,0.0,Cloudy
2,2023-01-31 08:50:30,35.936901,-89.874309,Blytheville,AR,24.0,88.0,10.0,17.0,0.0,Cloudy
4,2023-01-17 05:54:11,33.609359999999995,-93.810377,Fulton,AR,61.0,90.0,3.0,8.0,0.0,Fair
2,2023-01-25 18:01:02,35.162793,-93.591961,Paris,AR,38.0,83.0,8.0,8.0,0.0,Cloudy
4,2023-01-17 18:21:07,35.599182,-92.461347,Clinton,AR,55.0,67.0,10.0,0.0,0.0,Partly Cloudy
2,2023-01-31 02:53:29,35.133199,-90.46706,Heth,AR,28.0,88.0,10.0,18.0,0.0,Wintry Mix
2,2023-01-14 10:50:26,35.060559000000005,-92.190271,Vilonia,AR,37.0,59.0,10.0,0.0,0.0,Fair
2,2023-01-31 09:28:30,35.611492,-90.111953,Wilson,AR,27.0,100.0,10.0,7.0,0.0,Cloudy
2,2023-01-04 18:13:53,34.668155,-92.405437,Little Rock,AR,51.0,46.0,10.0,9.0,0.0,Fair
2,2023-01-31 04:17:00,35.123009,-90.535884,Heth,AR,27.0,92.0,3.0,16.0,0.0,Wintry Mix
2,2023-01-15 19:25:43,34.880633,-91.265432,Brinkley,AR,53.0,52.0,10.0,13.0,0.0,Cloudy
2,2023-01-29 21:23:59,34.819276,-91.579974,Hazen,AR,51.0,96.0,10.0,12.0,0.0,Cloudy
2,2023-01-15 19:40:32,34.53991055,-92.64932513,Benton,AR,56.0,51.0,10.0,12.0,0.0,Cloudy
2,2023-01-23 07:05:14,34.543213,-92.752108,Benton,AR,34.0,85.0,10.0,3.0,0.0,Fair
4,2023-01-06 13:45:30,35.980353,-94.491379,Summers,AR,,,,,,
2,2023-01-14 14:42:05,35.509536,-90.148073,Joiner,AR,45.0,43.0,10.0,0.0,0.0,Fair
4,2023-01-24 17:35:47,35.470092,-92.034488,Heber Springs,AR,32.0,100.0,0.5,0.0,0.0,Light Snow
2,2023-01-30 20:03:07,35.90481,-90.800052,Bono,AR,28.0,85.0,2.0,12.0,0.0,Wintry Mix
2,2023-01-24 15:56:15,35.318187,-93.164062,Russellville,AR,33.0,92.0,0.5,3.0,0.08,Snow
2,2023-01-19 21:58:30,34.00345,-93.177481,Gurdon,AR,40.0,70.0,10.0,3.0,0.0,Fair
2,2023-01-19 22:16:18,33.990564,-93.190339,Gurdon,AR,40.0,70.0,10.0,3.0,0.0,Fair
2,2023-01-16 21:29:21,35.310068,-92.349727,Greenbrier,AR,58.0,99.0,10.0,5.0,0.0,Fair
2,2023-01-30 19:39:00,35.807261,-90.68561,Jonesboro,AR,28.0,85.0,6.0,9.0,0.0,Wintry Mix
2,2023-01-24 16:44:12,35.562743,-92.196181,Higden,AR,32.0,100.0,0.25,0.0,0.0,Snow
2,2023-01-05 03:30:50,34.803575,-92.212347,North Little Rock,AR,38.0,76.0,10.0,5.0,0.0,Fair
2,2023-01-21 11:02:13,35.248586,-90.220313,Marion,AR,45.0,60.0,10.0,8.0,0.0,Fair
2,2023-01-02 10:43:35,34.638639000000005,-92.450193,Bryant,AR,69.0,87.0,1.0,12.0,0.0,Fog
4,2023-01-02 11:22:02,35.564188,-90.753984,Harrisburg,AR,66.0,93.0,3.0,14.0,0.0,Cloudy
2,2023-01-19 15:02:10,34.556132,-92.81089,Lonsdale,AR,54.0,35.0,10.0,8.0,0.0,Fair
2,2023-01-03 00:16:30,35.003979,-92.410731,Conway,AR,66.0,100.0,5.0,9.0,0.0,T-Storm
4,2023-01-18 06:40:42,34.890951,-92.424511,North Little Rock,AR,59.0,94.0,6.0,0.0,0.0,Cloudy
2,2023-01-30 07:12:00,35.34170800000001,-94.378051,Fort Smith,AR,29.0,89.0,10.0,7.0,0.0,Cloudy
2,2023-01-23 09:21:15,35.420916,-93.394018,Lamar,AR,37.0,82.0,10.0,6.0,0.0,Fair
2,2023-01-30 07:40:59,34.851415,-92.350772,Maumelle,AR,34.0,99.0,10.0,7.0,0.0,Cloudy
4,2023-01-02 11:40:38,35.378639,-92.278176,Quitman,AR,72.0,83.0,1.0,9.0,0.0,Haze
4,2023-01-16 20:22:47,33.743212,-92.706793,Bearden,AR,66.0,94.0,5.0,10.0,0.0,Fair
2,2023-01-29 23:54:10,35.82177700000001,-94.189122,Winslow,AR,27.0,92.0,2.0,8.0,0.0,Fog
2,2023-01-25 06:18:33,34.04359,-94.194344,Lockesburg,AR,42.0,73.0,10.0,10.0,0.0,Cloudy
2,2023-01-19 17:38:54,35.231054,-92.388018,Greenbrier,AR,46.0,48.0,10.0,7.0,0.0,Fair
2,2023-01-31 07:30:00,35.573524,-91.260327,Newport,AR,23.0,93.0,10.0,14.0,0.0,Cloudy
4,2023-01-24 14:47:47,35.060904,-92.208091,Vilonia,AR,40.0,99.0,10.0,9.0,0.04,Light Rain
2,2023-01-29 02:07:28,34.66592,-92.263522,Little Rock,AR,53.0,93.0,1.0,3.0,0.17,Heavy Rain
2,2023-01-01 05:54:22,34.945875,-92.067586,Cabot,AR,47.0,99.0,0.63,3.0,0.0,Fog
4,2023-01-31 09:41:14,35.642139,-91.238558,Newport,AR,24.0,88.0,10.0,16.0,0.0,Cloudy
2,2023-01-17 14:39:50,35.756976,-92.524487,Dennard,AR,68.0,33.0,10.0,6.0,0.0,Fair
2,2023-01-30 08:04:30,35.805328,-94.187713,Winslow,AR,25.0,88.0,9.0,8.0,0.0,Cloudy
2,2023-01-25 01:52:32,34.981722,-90.909934,Palestine,AR,45.0,100.0,4.0,8.0,0.01,Light Rain
2,2023-01-17 17:49:07,35.799569,-89.981018,Luxora,AR,59.0,62.0,10.0,0.0,0.0,Fair
2,2023-01-17 07:48:04,35.021414,-92.072293,Cabot,AR,56.0,99.0,2.0,0.0,0.0,Fog
2,2023-01-18 17:36:51,34.704885,-92.402572,Little Rock,AR,58.0,87.0,10.0,0.0,0.0,Cloudy
2,2023-01-21 22:23:03,34.658599,-92.405737,Little Rock,AR,45.0,82.0,10.0,5.0,0.0,Cloudy
4,2023-01-26 10:00:31,36.339538,-90.525043,Knobel,AR,34.0,75.0,10.0,16.0,0.0,
2,2023-01-06 04:27:03,34.395579999999995,-92.374699,Sheridan,AR,36.0,86.0,10.0,0.0,0.0,Fair
2,2023-01-29 02:32:53,34.614274,-92.507388,Bryant,AR,53.0,93.0,1.0,0.0,0.57,Heavy Rain
2,2023-01-29 19:35:54,36.175327,-94.184781,Springdale,AR,27.0,100.0,2.0,8.0,,Fog
2,2023-01-15 19:36:30,34.541391,-92.643087,Benton,AR,56.0,51.0,10.0,12.0,0.0,Cloudy
2,2023-01-03 13:36:21,34.620164,-92.495761,Bryant,AR,72.0,31.0,10.0,21.0,0.0,Partly Cloudy / Windy
2,2023-01-03 06:47:51,35.187761,-90.198274,Marion,AR,61.0,93.0,4.0,15.0,0.21,T-Storm
2,2023-01-30 04:25:00,35.40654302,-94.36628222,Fort Smith,AR,29.0,92.0,7.0,9.0,0.0,Cloudy
2,2023-01-31 10:11:05,35.67842,-90.063458,Osceola,AR,24.0,84.0,10.0,18.0,0.0,Cloudy
2,2023-01-17 07:51:45,36.318254,-94.184884,Rogers,AR,36.0,89.0,10.0,0.0,0.0,Fair
2,2023-01-31 05:42:30,35.40303400000001,-90.251869,Gilmore,AR,26.0,88.0,6.0,16.0,0.0,Cloudy
2,2023-01-25 14:10:56,33.891853999999995,-91.256114,Watson,AR,42.0,74.0,10.0,15.0,0.0,Cloudy
2,2023-01-31 06:32:00,35.371007,-90.27951,Gilmore,AR,25.0,92.0,9.0,20.0,0.0,Cloudy
4,2023-01-30 03:39:13,35.423113,-94.346932,Van Buren,AR,30.0,92.0,2.0,8.0,0.0,Fog
2,2023-01-30 05:51:39,35.385111,-94.363997,Fort Smith,AR,29.0,92.0,6.0,7.0,0.0,Cloudy
2,2023-01-30 03:47:48,35.40654302,-94.36628222,Fort Smith,AR,30.0,92.0,3.0,9.0,0.0,Cloudy
2,2023-01-30 05:36:04,35.339675,-94.382491,Fort Smith,AR,29.0,92.0,6.0,7.0,0.0,Cloudy
4,2023-01-26 13:17:47,35.826594,-90.744522,Jonesboro,AR,38.0,51.0,10.0,17.0,0.0,Fair
2,2023-01-20 08:23:33,34.793469,-92.388992,Little Rock,AR,31.0,99.0,10.0,0.0,0.0,Partly Cloudy
4,2023-01-14 05:28:00,35.13576,-90.08789,West Memphis,AR,30.0,75.0,10.0,7.0,0.0,Cloudy
4,2023-01-30 04:21:16,35.385032,-94.364298,Fort Smith,AR,30.0,92.0,3.0,9.0,0.0,Cloudy
2,2023-01-18 06:19:30,36.105522,-94.179922,Fayetteville,AR,56.0,90.0,3.0,9.0,0.13,Light Rain with Thunder
2,2023-01-24 15:26:05,35.183549,-93.931248,Booneville,AR,33.0,96.0,0.5,14.0,0.03,Heavy Snow
2,2023-01-13 11:39:38,34.353872,-92.885315,Malvern,AR,43.0,56.0,10.0,7.0,0.0,Fair
2,2023-01-30 06:33:22,35.350882,-94.297016,Van Buren,AR,29.0,89.0,10.0,8.0,0.0,Cloudy
2,2023-01-29 00:26:15,34.707417,-92.27093,Little Rock,AR,52.0,93.0,2.0,7.0,0.1,Light Rain
4,2023-01-30 02:25:30,36.44964,-93.966073,Garfield,AR,21.0,100.0,3.0,8.0,0.0,Light Freezing Rain
2,2023-01-16 22:19:57,34.818717,-91.543885,Biscoe,AR,61.0,94.0,4.0,8.0,0.19,Heavy Rain
2,2023-01-15 13:44:35,35.1567328,-90.12392878,West Memphis,AR,57.0,33.0,10.0,20.0,0.0,Fair
2,2023-01-17 17:54:56,34.861666,-92.129689,Jacksonville,AR,57.0,89.0,10.0,0.0,0.0,Fair
2,2023-01-30 02:25:30,36.450178,-93.965518,Garfield,AR,21.0,100.0,3.0,8.0,0.0,Light Freezing Rain
2,2023-01-30 07:56:29,35.38129,-94.364991,Fort Smith,AR,29.0,89.0,3.0,7.0,0.0,Cloudy
2,2023-01-31 07:18:47,35.47851400000001,-90.346376,Tyronza,AR,25.0,92.0,9.0,20.0,0.0,Cloudy
2,2023-01-28 09:08:16,36.115352,-93.790927,Huntsville,AR,46.0,81.0,10.0,20.0,,Mostly Cloudy
4,2023-01-30 11:07:41,36.48520900000001,-92.489834,Mountain Home,AR,23.0,92.0,9.0,7.0,0.0,Cloudy
2,2023-01-19 11:09:47,34.669118,-92.264552,Little Rock,AR,49.0,41.0,10.0,16.0,0.0,Fair
2,2023-01-26 07:54:08,35.319842,-93.189801,Russellville,AR,29.0,78.0,10.0,12.0,0.0,Fair
2,2023-01-03 08:37:22,36.109227,-94.169958,Fayetteville,AR,55.0,59.0,10.0,15.0,0.0,Mostly Cloudy
2,2023-01-29 11:49:27,35.116352,-92.412063,Conway,AR,57.0,99.0,10.0,9.0,0.0,Cloudy
2,2023-01-31 03:51:00,35.125997,-90.527343,Heth,AR,27.0,92.0,3.0,16.0,0.0,Wintry Mix
2,2023-01-02 14:40:48,35.769827,-94.187866,Winslow,AR,71.0,70.0,8.0,6.0,0.0,T-Storm
2,2023-01-17 05:54:11,33.61107,-93.806524,Fulton,AR,61.0,90.0,3.0,8.0,0.0,Fair
4,2023-01-21 12:47:13,36.372855,-94.264633,Bentonville,AR,48.0,46.0,10.0,14.0,0.0,Cloudy
2,2023-01-31 07:56:22,35.66155300000001,-91.206779,Newport,AR,23.0,92.0,10.0,13.0,0.0,Cloudy
2,2023-01-02 23:59:46,34.716853,-92.212751,Little Rock,AR,67.0,87.0,7.0,13.0,0.12,Light Rain with Thunder
4,2023-01-24 17:07:16,35.47961,-92.089675,Heber Springs,AR,32.0,100.0,0.25,0.0,0.0,Snow
2,2023-01-04 01:02:21,34.807652000000004,-92.361271,North Little Rock,AR,49.0,71.0,10.0,9.0,0.0,Partly Cloudy
2,2023-01-02 22:53:47,34.779932,-92.21732,North Little Rock,AR,68.0,84.0,7.0,13.0,0.23,Light Rain
2,2023-01-31 10:23:22,35.116908,-90.553296,Widener,AR,25.0,92.0,8.0,16.0,0.0,Cloudy
2,2023-01-23 14:58:56,34.54937,-92.625536,Benton,AR,51.0,44.0,10.0,0.0,0.0,Fair
2,2023-01-18 18:53:16,34.732661,-92.400038,Little Rock,AR,56.0,99.0,10.0,6.0,0.0,Cloudy
2,2023-01-27 16:35:38,34.485952000000005,-91.758796,Humnoke,AR,55.0,42.0,10.0,12.0,0.0,Fair
2,2023-01-13 11:59:30,35.36738300000001,-93.535862,Scranton,AR,42.0,55.0,10.0,7.0,0.0,Fair
4,2023-01-19 06:54:58,36.290639,-91.741078,Glencoe,AR,37.0,76.0,10.0,12.0,0.0,Fair
2,2023-01-25 14:19:30,35.177737,-92.751613,Morrilton,AR,38.0,86.0,8.0,15.0,0.0,Cloudy
2,2023-01-23 12:45:21,36.318944,-94.126151,Rogers,AR,43.0,53.0,10.0,5.0,0.0,Fair
2,2023-01-19 19:58:13,35.928799,-90.587704,Brookland,AR,,,,,0.0,
2,2023-01-25 09:51:28,34.614115000000005,-92.889633,Hot Springs National Park,AR,39.0,79.0,10.0,12.0,0.0,Cloudy
2,2023-01-25 00:34:37,36.174058,-94.317161,Springdale,AR,32.0,100.0,10.0,8.0,,Cloudy
2,2023-01-31 02:50:00,35.132433,-90.490009,Heth,AR,28.0,88.0,10.0,18.0,0.0,Wintry Mix
2,2023-01-30 06:15:27,35.338478,-94.386336,Fort Smith,AR,29.0,92.0,6.0,7.0,0.0,Cloudy
2,2023-01-05 07:09:31,34.946065000000004,-92.4228,Mayflower,AR,37.0,74.0,10.0,7.0,0.0,Fair
4,2023-01-17 07:54:43,34.609149,-92.538296,Benton,AR,62.0,86.0,5.0,3.0,0.0,Mostly Cloudy
2,2023-01-03 13:23:01,34.779834,-92.264305,North Little Rock,AR,73.0,51.0,10.0,13.0,0.0,Mostly Cloudy
2,2023-01-16 16:53:54,34.639129,-92.44843,Bryant,AR,68.0,68.0,10.0,8.0,0.0,Cloudy
2,2023-01-25 23:20:03,34.541317,-92.642564,Benton,AR,40.0,70.0,10.0,8.0,0.0,Cloudy
4,2023-01-15 03:08:08,36.113605,-93.779251,Huntsville,AR,41.0,70.0,10.0,10.0,,Fair
4,2023-01-24 22:54:09,34.531388,-92.645515,Benton,AR,38.0,83.0,3.0,14.0,0.03,Light Rain
2,2023-01-02 14:48:56,35.817190999999994,-94.192578,Winslow,AR,70.0,78.0,1.0,15.0,0.09,T-Storm
2,2023-01-17 07:54:43,34.609623,-92.53749,Benton,AR,62.0,86.0,5.0,3.0,0.0,Mostly Cloudy
2,2023-01-31 01:45:30,35.30164600000001,-93.128053,Russellville,AR,27.0,85.0,10.0,10.0,0.0,Cloudy
2,2023-01-30 15:47:37,35.252211,-92.91091,Atkins,AR,35.0,78.0,10.0,6.0,0.0,Cloudy
2,2023-01-23 03:35:41,34.77751136,-92.23695159,North Little Rock,AR,33.0,89.0,10.0,5.0,0.0,Fair
2,2023-01-17 08:54:53,34.744567,-92.316605,Little Rock,AR,63.0,84.0,5.0,0.0,0.0,Cloudy
2,2023-01-31 02:53:29,35.100228,-90.602121,Widener,AR,28.0,88.0,10.0,18.0,0.0,Wintry Mix
2,2023-01-03 08:27:30,36.105681,-94.179707,Fayetteville,AR,55.0,59.0,10.0,15.0,0.0,Mostly Cloudy
2,2023-01-30 21:30:30,35.665507,-91.198573,Newport,AR,29.0,92.0,4.0,15.0,0.03,Light Snow
2,2023-01-28 21:00:49,35.1567328,-90.12392878,West Memphis,AR,51.0,71.0,10.0,21.0,0.0,Light Rain / Windy
2,2023-01-31 07:30:00,35.645745,-91.238568,Newport,AR,23.0,93.0,10.0,14.0,0.0,Cloudy
2,2023-01-03 03:53:20,34.773585,-92.389641,Little Rock,AR,66.0,100.0,1.0,13.0,0.0,Heavy T-Storm
2,2023-01-20 09:07:00,34.704885,-92.402572,Little Rock,AR,41.0,65.0,10.0,8.0,0.0,Mostly Cloudy
2,2023-01-04 13:41:55,34.176454,-92.080856,Pine Bluff,AR,59.0,38.0,10.0,6.0,0.0,Fair
2,2023-01-22 19:25:51,35.527918,-94.041973,Mulberry,AR,41.0,73.0,10.0,6.0,0.0,Cloudy
2,2023-01-31 05:42:30,35.40303400000001,-90.251869,Gilmore,AR,26.0,88.0,6.0,16.0,0.0,Cloudy
2,2023-01-03 08:08:25,35.15317082,-90.14444232,West Memphis,AR,62.0,96.0,4.0,9.0,0.1,T-Storm
2,2023-01-30 08:04:00,35.36319852,-94.36471581,Fort Smith,AR,29.0,89.0,3.0,7.0,0.0,Cloudy
2,2023-01-21 10:10:57,35.492708,-94.174978,Alma,AR,45.0,60.0,10.0,13.0,0.0,Cloudy
2,2023-01-26 13:17:47,35.830953,-90.748435,Jonesboro,AR,38.0,51.0,10.0,17.0,0.0,Fair
4,2023-01-17 08:06:02,34.998112,-92.071048,Cabot,AR,56.0,99.0,2.0,0.0,0.0,Fog
2,2023-01-02 19:57:00,36.409348,-94.206949,Bentonville,AR,62.0,93.0,10.0,3.0,0.0,Light Rain with Thunder
2,2023-01-13 14:09:05,33.932832,-94.368244,Horatio,AR,56.0,23.0,10.0,9.0,0.0,Fair
2,2023-01-05 08:25:02,35.92116400000001,-89.816135,Blytheville,AR,44.0,65.0,10.0,10.0,0.0,Fair
2,2023-01-31 10:54:30,35.133412,-90.467996,Heth,AR,25.0,92.0,8.0,16.0,0.0,Cloudy
2,2023-01-29 22:33:37,34.456258,-92.757655,Malvern,AR,46.0,96.0,3.0,5.0,0.0,Cloudy
2,2023-01-04 18:25:30,35.84605,-90.109687,Manila,AR,46.0,66.0,10.0,3.0,0.0,Fair
2,2023-01-19 07:50:02,36.047979,-94.219654,Fayetteville,AR,33.0,64.0,10.0,12.0,0.0,Fair
2,2023-01-30 05:29:00,35.399275,-94.366173,Fort Smith,AR,29.0,92.0,6.0,7.0,0.0,Cloudy
2,2023-01-23 14:45:13,34.668809,-92.234674,Little Rock,AR,51.0,44.0,10.0,0.0,0.0,Fair
4,2023-01-24 17:07:16,35.469053,-92.086818,Heber Springs,AR,32.0,100.0,0.25,0.0,0.0,Snow
2,2023-01-30 06:26:25,35.856339,-94.178537,Winslow,AR,25.0,88.0,10.0,6.0,0.0,Cloudy
2,2023-01-29 03:30:00,34.54651952,-92.62848973,Benton,AR,54.0,93.0,1.0,0.0,0.31,Light Rain
2,2023-01-05 18:39:48,35.807339,-90.714329,Jonesboro,AR,48.0,44.0,10.0,5.0,0.0,Fair
2,2023-01-31 05:30:30,35.467723,-90.325536,Tyronza,AR,26.0,92.0,3.0,13.0,0.0,Cloudy
2,2023-01-31 08:38:53,35.80679297,-90.63687444,Jonesboro,AR,23.0,85.0,10.0,10.0,0.0,Cloudy
2,2023-01-24 16:03:30,35.817643,-92.176923,Mountain View,AR,34.0,93.0,1.0,0.0,0.0,Light Snow
2,2023-01-14 05:17:30,35.13576,-90.08789,West Memphis,AR,32.0,73.0,10.0,6.0,0.0,Cloudy
2,2023-01-31 10:23:22,35.109137,-90.575467,Widener,AR,25.0,92.0,8.0,16.0,0.0,Cloudy
2,2023-01-31 05:36:30,35.134464,-90.439887,Heth,AR,26.0,92.0,3.0,13.0,0.0,Cloudy
2,2023-01-31 07:30:00,35.53058400000001,-91.283664,Newport,AR,23.0,93.0,10.0,14.0,0.0,Cloudy
4,2023-01-26 07:40:33,35.243588,-92.987052,Atkins,AR,29.0,78.0,10.0,12.0,0.0,Fair
2,2023-01-30 07:09:21,35.381004,-94.365352,Fort Smith,AR,29.0,89.0,10.0,7.0,0.0,Cloudy
2,2023-01-31 07:56:22,35.79104304,-91.02645993,Cash,AR,22.0,89.0,10.0,13.0,0.0,Cloudy
4,2023-01-15 19:40:32,34.53868,-92.664697,Benton,AR,56.0,51.0,10.0,12.0,0.0,Cloudy
2,2023-01-18 14:45:31,34.803147,-91.956887,Lonoke,AR,57.0,95.0,5.0,10.0,0.02,Light Drizzle
2,2023-01-24 20:29:15,36.0609591,-94.19824719,Fayetteville,AR,34.0,92.0,0.75,5.0,0.06,Light Snow
4,2023-01-31 00:54:41,35.307203,-93.142322,Russellville,AR,27.0,89.0,10.0,9.0,0.0,Cloudy
2,2023-01-18 06:11:20,36.193302,-94.180023,Springdale,AR,52.0,100.0,1.0,8.0,,Cloudy
4,2023-01-25 07:40:00,35.21179799999999,-94.409177,Hackett,AR,35.0,92.0,9.0,9.0,0.0,Heavy Snow
4,2023-01-18 07:53:35,35.016884000000005,-92.170872,Vilonia,AR,61.0,99.0,2.0,7.0,0.0,Fog
2,2023-01-31 08:50:30,35.72155,-90.03408,Osceola,AR,24.0,88.0,10.0,17.0,0.0,Cloudy
2,2023-01-25 07:40:00,35.212017,-94.408965,Hackett,AR,35.0,92.0,9.0,9.0,0.0,Heavy Snow
2,2023-01-18 16:15:44,34.676466,-92.364309,Little Rock,AR,58.0,84.0,7.0,3.0,0.0,Light Rain
2,2023-01-21 23:57:00,35.458927,-93.485283,Clarksville,AR,42.0,85.0,10.0,3.0,0.0,Cloudy
2,2023-01-31 02:19:30,35.133199,-90.46706,Heth,AR,29.0,92.0,7.0,18.0,0.0,Cloudy
2,2023-01-27 19:32:00,33.693625,-92.701605,Bearden,AR,48.0,46.0,10.0,7.0,0.0,Fair
2,2023-01-30 06:19:43,35.84927800000001,-94.183222,Winslow,AR,24.0,91.0,10.0,6.0,0.0,Cloudy
2,2023-01-30 20:26:30,35.535805,-90.478301,Marked Tree,AR,28.0,88.0,1.0,6.0,0.0,Wintry Mix
2,2023-01-23 11:40:15,35.99536,-94.009014,Elkins,AR,41.0,65.0,10.0,0.0,0.0,Fair
2,2023-01-16 12:11:30,34.429195,-92.849057,Malvern,AR,61.0,83.0,10.0,10.0,0.0,Cloudy
2,2023-01-06 15:48:10,36.399223,-93.666707,Eureka Springs,AR,54.0,35.0,10.0,6.0,0.0,Partly Cloudy
2,2023-01-31 07:30:00,35.462152,-91.361496,Newport,AR,23.0,93.0,10.0,14.0,0.0,Cloudy
4,2023-01-25 03:54:16,35.93842700000001,-94.195596,West Fork,AR,34.0,92.0,9.0,7.0,0.0,Cloudy
2,2023-01-31 07:56:22,35.696014,-91.11496,Newport,AR,23.0,92.0,10.0,13.0,0.0,Cloudy
2,2023-01-06 10:26:05,36.279239,-93.160445,Harrison,AR,48.0,39.0,10.0,8.0,0.0,Fair
2,2023-01-28 18:26:00,35.769936,-94.188068,Winslow,AR,50.0,83.0,10.0,7.0,0.0,Cloudy
2,2023-01-24 17:07:05,35.766019,-94.190591,Winslow,AR,34.0,92.0,0.25,3.0,0.03,Heavy Snow
2,2023-01-26 08:41:47,34.646869,-92.425228,Little Rock,AR,35.0,64.0,10.0,15.0,0.0,Fair
4,2023-01-24 13:48:19,36.134032,-94.475374,Siloam Springs,AR,37.0,93.0,7.0,7.0,0.0,Light Rain
2,2023-01-18 18:53:53,35.33605900000001,-90.266835,Turrell,AR,58.0,93.0,4.0,5.0,0.15,Rain
2,2023-01-15 19:55:30,35.247291,-91.819846,Searcy,AR,54.0,49.0,10.0,13.0,0.0,Cloudy
2,2023-01-17 17:49:07,35.806711,-89.976153,Luxora,AR,59.0,62.0,10.0,0.0,0.0,Fair
2,2023-01-19 18:19:08,34.86523032,-92.12867618,Jacksonville,AR,46.0,48.0,10.0,7.0,0.0,Fair
2,2023-01-03 22:48:41,35.778024,-90.812226,Jonesboro,AR,59.0,55.0,10.0,10.0,0.0,Fair
2,2023-01-02 14:45:30,35.823026,-94.187934,Winslow,AR,71.0,70.0,8.0,8.0,0.0,Light Rain with Thunder
2,2023-01-18 18:53:53,35.33012700000001,-90.263671,Turrell,AR,58.0,93.0,4.0,5.0,0.15,Rain
2,2023-01-14 08:21:30,34.628906,-92.475283,Bryant,AR,27.0,81.0,10.0,0.0,0.0,Fair
2,2023-01-14 13:26:00,34.74184871,-92.26267934,Little Rock,AR,46.0,47.0,10.0,0.0,0.0,Mostly Cloudy
2,2023-01-31 05:30:30,35.4414,-90.30454,Tyronza,AR,26.0,92.0,3.0,13.0,0.0,Cloudy
2,2023-01-14 15:42:00,36.074478000000006,-94.202369,Fayetteville,AR,50.0,38.0,10.0,9.0,0.0,Fair
4,2023-01-30 11:05:15,35.186529,-92.450639,Greenbrier,AR,34.0,100.0,7.0,6.0,0.0,Light Drizzle
2,2023-01-19 12:46:32,35.081422,-92.305591,Conway,AR,49.0,41.0,10.0,17.0,0.0,Fair
2,2023-01-02 19:52:34,36.409348,-94.206949,Bentonville,AR,62.0,93.0,10.0,3.0,0.0,Light Rain with Thunder
2,2023-01-19 13:20:19,35.251565,-91.093538,McCrory,AR,50.0,50.0,10.0,22.0,0.0,Fair / Windy
2,2023-01-17 13:21:40,35.963618,-94.318286,Prairie Grove,AR,69.0,30.0,10.0,5.0,0.0,Fair
2,2023-01-02 07:43:01,34.359844,-91.797884,Wabbaseka,AR,66.0,93.0,2.0,8.0,0.0,Fog
2,2023-01-30 11:29:00,36.361155,-94.177102,Bentonville,AR,19.0,93.0,0.25,7.0,0.0,Light Snow
2,2023-01-14 08:35:26,34.632377000000005,-92.466319,Bryant,AR,33.0,70.0,10.0,0.0,0.0,Fair
2,2023-01-03 08:37:22,36.112657,-94.171442,Fayetteville,AR,55.0,59.0,10.0,15.0,0.0,Mostly Cloudy
4,2023-01-24 16:01:46,35.24548,-94.205723,Fort Smith,AR,33.0,96.0,0.5,12.0,0.19,Heavy Snow
2,2023-01-21 12:40:26,34.846375,-91.418057,Biscoe,AR,50.0,50.0,10.0,10.0,0.0,Partly Cloudy
2,2023-01-04 12:17:00,35.039454,-91.955612,Ward,AR,50.0,52.0,10.0,9.0,0.0,Fair
2,2023-01-17 06:42:55,34.63358,-92.462729,Bryant,AR,63.0,84.0,1.0,5.0,0.0,Haze
4,2023-01-24 18:21:12,36.497412,-94.177479,Pea Ridge,AR,32.0,100.0,2.0,12.0,0.02,Light Snow
2,2023-01-31 06:09:30,35.097306,-90.611087,Widener,AR,26.0,88.0,6.0,16.0,0.0,Cloudy
2,2023-01-30 16:00:58,35.250726,-92.889735,Atkins,AR,35.0,78.0,10.0,6.0,0.0,Cloudy
2,2023-01-31 09:56:30,35.589084,-91.252129,Newport,AR,24.0,88.0,10.0,16.0,0.0,Cloudy
2,2023-01-24 16:30:54,35.060725,-92.19939,Vilonia,AR,39.0,100.0,4.0,14.0,0.0,Light Rain
2,2023-01-24 16:01:46,35.246778000000006,-94.203643,Fort Smith,AR,33.0,96.0,0.5,12.0,0.19,Heavy Snow
2,2023-01-02 10:54:00,35.004314,-90.852909,Forrest City,AR,70.0,87.0,10.0,12.0,0.0,Cloudy
2,2023-01-03 11:14:12,36.247207,-92.271343,Mountain Home,AR,61.0,93.0,10.0,6.0,0.0,Mostly Cloudy
4,2023-01-04 18:23:55,35.84837800000001,-90.124976,Manila,AR,46.0,66.0,10.0,3.0,0.0,Fair
2,2023-01-30 04:46:00,35.411304,-94.363033,Fort Smith,AR,29.0,92.0,7.0,9.0,0.0,Cloudy
2,2023-01-18 14:45:31,34.803427,-91.950008,Lonoke,AR,57.0,95.0,5.0,10.0,0.02,Light Drizzle
2,2023-01-31 08:50:30,35.76391500000001,-90.005286,Osceola,AR,24.0,88.0,10.0,17.0,0.0,Cloudy
2,2023-01-30 03:47:48,35.41347800000001,-94.360038,Fort Smith,AR,30.0,92.0,3.0,9.0,0.0,Cloudy
2,2023-01-30 05:37:00,35.406554,-94.366291,Fort Smith,AR,29.0,92.0,6.0,7.0,0.0,Cloudy
2,2023-01-19 08:25:19,36.421481,-94.399323,Gravette,AR,32.0,69.0,10.0,21.0,0.0,Cloudy / Windy
2,2023-01-03 08:08:25,35.15317082,-90.14444232,West Memphis,AR,62.0,96.0,4.0,9.0,0.1,T-Storm
2,2023-01-22 15:09:00,36.200624,-94.181707,Springdale,AR,36.0,100.0,10.0,14.0,,Cloudy
2,2023-01-18 06:17:06,36.115783,-94.176128,Fayetteville,AR,56.0,90.0,3.0,9.0,0.13,Light Rain with Thunder
2,2023-01-31 09:56:30,35.510373,-91.306528,Newport,AR,24.0,88.0,10.0,16.0,0.0,Cloudy
2,2023-01-02 11:22:02,35.564439,-90.78448,Harrisburg,AR,66.0,93.0,3.0,14.0,0.0,Cloudy
4,2023-01-17 13:39:38,36.386932,-94.090042,Rogers,AR,64.0,31.0,10.0,9.0,0.0,Fair
2,2023-01-24 21:18:56,35.027316,-94.121204,Booneville,AR,33.0,96.0,1.0,3.0,0.02,Heavy Snow
4,2023-01-21 02:52:18,34.104744000000004,-93.692796,Murfreesboro,AR,35.0,82.0,10.0,0.0,0.0,Cloudy
2,2023-01-17 15:00:42,35.119309,-92.462249,Conway,AR,69.0,58.0,10.0,6.0,0.0,Fair
2,2023-01-23 14:58:56,34.553116,-92.621431,Benton,AR,51.0,44.0,10.0,0.0,0.0,Fair
2,2023-01-24 17:42:38,35.793183,-92.537563,Leslie,AR,32.0,100.0,0.5,0.0,0.0,Light Snow
2,2023-01-30 09:55:31,35.912978,-94.196274,West Fork,AR,25.0,88.0,10.0,6.0,0.0,Cloudy
2,2023-01-31 05:36:30,35.145720000000004,-90.413892,Heth,AR,26.0,92.0,3.0,13.0,0.0,Cloudy
2,2023-01-18 05:35:58,36.118459,-94.178103,Fayetteville,AR,55.0,93.0,3.0,12.0,0.27,T-Storm
2,2023-01-30 11:29:00,35.961969,-94.195527,Fayetteville,AR,25.0,88.0,6.0,8.0,0.0,Cloudy
4,2023-01-24 13:07:00,34.695289,-94.197441,Mena,AR,32.0,100.0,0.5,3.0,0.01,Snow
2,2023-01-24 16:59:21,35.947265,-94.193209,Fayetteville,AR,34.0,92.0,0.25,3.0,0.11,Heavy Snow
2,2023-01-23 14:58:56,34.553116,-92.621431,Benton,AR,51.0,44.0,10.0,0.0,0.0,Fair
4,2023-01-06 06:47:52,34.274631,-92.134974,White Hall,AR,35.0,89.0,10.0,3.0,0.0,Fair
2,2023-01-30 19:54:30,35.65978646,-91.21487975,Newport,AR,28.0,96.0,2.0,10.0,0.0,Light Snow
2,2023-01-21 12:42:30,34.468381,-92.532338,Benton,AR,50.0,48.0,10.0,12.0,0.0,Partly Cloudy
2,2023-01-02 14:48:56,35.817190999999994,-94.192578,Winslow,AR,70.0,78.0,1.0,15.0,0.09,T-Storm
2,2023-01-05 13:21:40,35.15252709,-90.14330506,West Memphis,AR,53.0,41.0,10.0,13.0,0.0,Fair
2,2023-01-30 19:23:11,35.452944,-94.320888,Van Buren,AR,29.0,89.0,9.0,6.0,0.0,Cloudy
2,2023-01-20 18:32:16,36.098442,-94.370764,Fayetteville,AR,36.0,73.0,10.0,0.0,0.0,Fair
2,2023-01-15 14:41:14,33.573665000000005,-93.847839,Texarkana,AR,64.0,54.0,10.0,15.0,0.0,Cloudy
4,2023-01-19 07:47:58,33.599365,-92.123359,Warren,AR,50.0,71.0,10.0,12.0,0.0,Fair
2,2023-01-01 08:54:38,33.666179,-93.08644,Chidester,AR,57.0,100.0,7.0,8.0,0.0,Fair
4,2023-01-18 07:29:45,33.079777,-93.900368,Doddridge,AR,68.0,87.0,6.0,9.0,0.0,Light Rain
2,2023-01-14 14:42:05,35.508927,-90.148545,Joiner,AR,45.0,43.0,10.0,0.0,0.0,Fair
4,2023-01-21 22:23:03,34.663065,-92.402904,Little Rock,AR,45.0,82.0,10.0,5.0,0.0,Cloudy
2,2023-01-30 03:47:48,35.361111,-94.364808,Fort Smith,AR,30.0,92.0,3.0,9.0,0.0,Cloudy
2,2023-01-24 16:03:30,35.81523,-92.198207,Mountain View,AR,34.0,93.0,1.0,0.0,0.0,Light Snow
2,2023-01-30 21:08:09,34.838124,-92.162596,North Little Rock,AR,33.0,89.0,6.0,8.0,0.0,Light Rain
2,2023-01-14 23:57:00,34.925929,-91.126097,Wheatley,AR,36.0,86.0,10.0,7.0,0.0,Fair
2,2023-01-26 09:04:57,34.708474,-92.40193,Little Rock,AR,35.0,64.0,10.0,15.0,0.0,Fair
2,2023-01-03 04:04:46,34.716707,-92.218902,Little Rock,AR,66.0,87.0,10.0,0.0,0.23,Cloudy
2,2023-01-30 06:15:27,35.338478,-94.386336,Fort Smith,AR,29.0,92.0,6.0,7.0,0.0,Cloudy
2,2023-01-30 06:26:25,35.828606,-94.183126,Winslow,AR,25.0,88.0,10.0,6.0,0.0,Cloudy
2,2023-01-03 16:39:52,34.783699,-92.391271,Little Rock,AR,66.0,44.0,10.0,8.0,0.0,Fair
2,2023-01-05 07:08:30,34.989466,-92.416162,Conway,AR,37.0,74.0,10.0,7.0,0.0,Fair
2,2023-01-24 17:07:05,35.807556,-94.188353,Winslow,AR,34.0,92.0,0.25,3.0,0.03,Heavy Snow
4,2023-01-13 11:55:19,35.378543,-93.529942,Scranton,AR,42.0,55.0,10.0,7.0,0.0,Fair
2,2023-01-22 12:49:48,34.779536,-92.220578,North Little Rock,AR,48.0,82.0,7.0,7.0,0.0,Cloudy
2,2023-01-04 11:35:55,34.791529,-92.061665,Scott,AR,55.0,42.0,10.0,9.0,0.0,Partly Cloudy
2,2023-01-04 18:38:37,36.073096,-94.202924,Fayetteville,AR,39.0,57.0,10.0,7.0,0.0,Fair
2,2023-01-05 08:36:06,36.311191,-94.185123,Rogers,AR,34.0,70.0,10.0,14.0,0.0,Fair
2,2023-01-24 15:13:52,35.176508,-93.921768,Booneville,AR,33.0,96.0,0.5,14.0,0.03,Heavy Snow
4,2023-01-24 17:42:38,35.791222,-92.537634,Leslie,AR,32.0,100.0,0.5,0.0,0.0,Light Snow
2,2023-01-05 03:44:30,34.800127,-92.215487,North Little Rock,AR,31.0,99.0,10.0,0.0,0.0,Fair
2,2023-01-14 05:17:30,35.130790999999995,-90.079968,Marion,AR,32.0,73.0,10.0,6.0,0.0,Cloudy
2,2023-01-31 06:09:30,35.087577,-90.640822,Widener,AR,26.0,88.0,6.0,16.0,0.0,Cloudy
2,2023-01-24 17:07:05,35.76285,-94.19257,Winslow,AR,34.0,92.0,0.25,3.0,0.03,Heavy Snow
2,2023-01-25 07:48:47,34.721158,-92.26866,Little Rock,AR,37.0,82.0,10.0,7.0,0.0,Mostly Cloudy
2,2023-01-04 12:34:10,34.790147,-92.224885,North Little Rock,AR,52.0,49.0,10.0,15.0,0.0,Fair
2,2023-01-31 05:43:00,35.52479625,-90.42776942,Marked Tree,AR,23.0,88.0,10.0,9.0,0.0,Cloudy
2,2023-01-18 11:54:37,34.878837,-92.657039,Bigelow,AR,65.0,99.0,5.0,6.0,0.04,Light Rain with Thunder
2,2023-01-18 13:34:19,34.867469,-92.127801,Jacksonville,AR,64.0,100.0,6.0,25.0,0.0,Light Rain / Windy
2,2023-01-24 16:02:22,35.537557,-92.225051,Higden,AR,34.0,93.0,1.0,0.0,0.0,Light Snow
2,2023-01-31 10:23:22,35.105252,-90.587429,Heth,AR,25.0,92.0,8.0,16.0,0.0,Cloudy
4,2023-01-20 07:41:05,36.247776,-92.237327,Mountain Home,AR,30.0,82.0,10.0,5.0,0.0,Fair
4,2023-01-30 07:36:00,35.341437,-94.297111,Barling,AR,29.0,85.0,10.0,7.0,0.0,Cloudy
4,2023-01-31 09:43:35,35.20758,-90.205248,Marion,AR,26.0,88.0,8.0,14.0,0.0,Cloudy
2,2023-01-21 00:56:37,34.945724,-92.067785,Cabot,AR,31.0,95.0,10.0,0.0,0.0,Fair
4,2023-01-24 17:07:05,35.907867,-94.194114,Winslow,AR,34.0,92.0,0.25,3.0,0.03,Heavy Snow
4,2023-01-15 20:00:18,35.24903300000001,-91.824632,Searcy,AR,54.0,49.0,10.0,13.0,0.0,Cloudy
2,2023-01-02 17:44:04,35.162945,-92.617621,Plumerville,AR,65.0,93.0,10.0,6.0,0.04,Light Rain
2,2023-01-30 06:26:25,35.82468499999999,-94.18627,Winslow,AR,25.0,88.0,10.0,6.0,0.0,Cloudy
2,2023-01-30 09:55:31,35.919539,-94.198943,West Fork,AR,25.0,88.0,10.0,6.0,0.0,Cloudy
2,2023-01-25 07:40:51,34.686427,-92.307359,Little Rock,AR,37.0,82.0,10.0,7.0,0.0,Mostly Cloudy
4,2023-01-26 10:00:31,36.343723,-90.525025,Knobel,AR,34.0,75.0,10.0,16.0,0.0,
2,2023-01-25 22:54:10,36.33844972,-94.18234706,Rogers,AR,30.0,79.0,10.0,14.0,0.0,Cloudy
2,2023-01-31 05:30:30,35.435178,-90.299516,Gilmore,AR,26.0,92.0,3.0,13.0,0.0,Cloudy
2,2023-01-28 16:10:38,34.818594,-92.346234,Maumelle,AR,45.0,99.0,5.0,0.0,0.09,Light Rain
2,2023-01-03 17:31:13,33.960924,-93.219584,Gurdon,AR,59.0,51.0,10.0,3.0,0.0,Fair
2,2023-01-31 08:50:30,35.785157,-89.990832,Luxora,AR,24.0,88.0,10.0,17.0,0.0,Cloudy
2,2023-01-30 07:00:38,35.315788,-94.397024,Fort Smith,AR,29.0,89.0,10.0,8.0,0.0,Cloudy
4,2023-01-24 18:21:12,36.497376,-94.179874,Bella Vista,AR,34.0,93.0,1.0,9.0,0.01,Light Snow
2,2023-01-03 06:23:59,34.748073,-92.38918,Little Rock,AR,65.0,90.0,8.0,5.0,0.01,Light Rain
2,2023-01-25 14:10:00,35.175438,-92.745252,Morrilton,AR,38.0,86.0,8.0,15.0,0.0,Cloudy
2,2023-01-17 17:49:00,36.210902,-90.958499,Pocahontas,AR,58.0,75.0,10.0,5.0,0.0,Fair
2,2023-01-26 08:41:47,34.645561,-92.431337,Little Rock,AR,35.0,64.0,10.0,15.0,0.0,Fair
2,2023-01-22 13:16:30,34.725814,-92.40084,Little Rock,AR,46.0,93.0,2.0,0.0,0.0,Light Rain
4,2023-01-02 11:40:38,35.378649,-92.278933,Quitman,AR,72.0,83.0,1.0,9.0,0.0,Haze
2,2023-01-31 03:51:00,35.13287187,-90.48469663,Heth,AR,27.0,92.0,3.0,16.0,0.0,Wintry Mix
2,2023-01-18 06:40:42,34.891958,-92.426396,Maumelle,AR,59.0,94.0,6.0,0.0,0.0,Cloudy
2,2023-01-17 02:40:12,34.77703929,-92.23686576,North Little Rock,AR,62.0,90.0,1.0,13.0,0.0,Fog
4,2023-01-30 20:33:22,35.489104,-94.226131,Alma,AR,29.0,85.0,10.0,5.0,0.0,Cloudy
4,2023-01-13 07:32:34,35.198612,-92.390642,Greenbrier,AR,33.0,67.0,10.0,12.0,0.0,Cloudy
2,2023-01-25 03:49:00,35.961969,-94.195527,Fayetteville,AR,34.0,92.0,9.0,7.0,0.0,Cloudy
2,2023-01-13 16:51:31,34.553389,-92.621133,Benton,AR,43.0,47.0,10.0,13.0,0.0,Fair
2,2023-01-27 15:52:10,34.244440999999995,-92.09256,White Hall,AR,61.0,22.0,10.0,13.0,0.0,Fair
2,2023-01-29 16:26:13,35.38100839,-94.36533809,Fort Smith,AR,37.0,89.0,4.0,12.0,0.0,Cloudy
2,2023-01-05 16:59:26,34.711945,-92.271166,Little Rock,AR,56.0,27.0,10.0,14.0,0.0,Fair
2,2023-01-31 10:23:22,35.105252,-90.587429,Heth,AR,25.0,92.0,8.0,16.0,0.0,Cloudy
2,2023-01-02 14:40:30,35.05723357,-90.68751454,Widener,AR,64.0,90.0,9.0,7.0,0.29,T-Storm
2,2023-01-21 12:59:30,36.370767,-94.263407,Bentonville,AR,48.0,46.0,10.0,14.0,0.0,Cloudy
2,2023-01-14 23:53:00,34.929653,-91.108215,Wheatley,AR,36.0,86.0,10.0,7.0,0.0,Fair
2,2023-01-30 19:31:34,35.45068145,-94.32025552,Van Buren,AR,29.0,89.0,9.0,6.0,0.0,Cloudy
2,2023-01-19 13:39:00,35.080338,-92.305592,Conway,AR,51.0,39.0,10.0,18.0,0.0,Fair
2,2023-01-22 14:14:30,34.669095,-92.383683,Little Rock,AR,48.0,80.0,7.0,10.0,0.0,Cloudy
4,2023-01-24 16:01:46,35.258514,-94.202855,Fort Smith,AR,33.0,96.0,0.5,12.0,0.19,Heavy Snow
2,2023-01-17 05:54:11,33.609359999999995,-93.810377,Fulton,AR,61.0,90.0,3.0,8.0,0.0,Fair
2,2023-01-31 02:39:00,35.100228,-90.602121,Widener,AR,28.0,88.0,10.0,18.0,0.0,Wintry Mix
2,2023-01-21 02:52:18,34.106221999999995,-93.692658,Murfreesboro,AR,35.0,82.0,10.0,0.0,0.0,Cloudy
2,2023-01-02 20:18:00,36.407736,-94.204063,Bentonville,AR,63.0,94.0,5.0,10.0,0.18,Rain
2,2023-01-17 18:21:07,35.599182,-92.461347,Clinton,AR,55.0,67.0,10.0,0.0,0.0,Partly Cloudy
2,2023-01-17 08:36:37,34.719576,-92.269267,Little Rock,AR,63.0,84.0,5.0,0.0,0.0,Cloudy
2,2023-01-31 01:32:27,34.82920289,-92.1498549,North Little Rock,AR,32.0,85.0,6.0,7.0,0.0,Cloudy
4,2023-01-21 12:47:13,36.375864,-94.266033,Centerton,AR,48.0,46.0,10.0,14.0,0.0,Cloudy
2,2023-01-21 12:51:14,34.803684999999994,-91.915892,Lonoke,AR,49.0,49.0,10.0,8.0,0.0,Partly Cloudy
2,2023-01-30 20:26:30,35.543239,-90.495258,Trumann,AR,28.0,88.0,1.0,6.0,0.0,Wintry Mix
2,2023-01-31 11:41:00,35.794837,-90.956229,Cash,AR,24.0,81.0,5.0,12.0,0.0,Cloudy
2,2023-01-31 08:50:30,35.719858,-90.035237,Osceola,AR,24.0,88.0,10.0,17.0,0.0,Cloudy
2,2023-01-30 03:39:13,35.42121599999999,-94.349512,Fort Smith,AR,30.0,92.0,2.0,8.0,0.0,Fog
2,2023-01-06 13:45:30,35.980353,-94.491379,Summers,AR,,,,,,
4,2023-01-01 13:18:20,35.029143,-92.192753,Vilonia,AR,68.0,55.0,10.0,8.0,0.0,Fair
4,2023-01-16 11:55:09,34.428145,-92.842131,Malvern,AR,61.0,83.0,10.0,9.0,0.0,Cloudy
2,2023-01-22 13:21:26,34.734097,-92.398238,Little Rock,AR,46.0,93.0,3.0,0.0,0.0,Light Rain
4,2023-01-24 17:35:47,35.468592,-92.035014,Heber Springs,AR,32.0,100.0,0.5,0.0,0.0,Light Snow
2,2023-01-31 07:56:22,35.752669,-91.068205,Newport,AR,23.0,92.0,10.0,13.0,0.0,Cloudy
2,2023-01-02 11:57:30,35.379893,-92.283506,Quitman,AR,72.0,78.0,1.0,12.0,0.0,Haze
2,2023-01-18 08:23:49,34.81310964,-92.35357404,Maumelle,AR,63.0,94.0,3.0,7.0,0.0,Cloudy
2,2023-01-25 07:50:02,34.69180942,-92.30400681,Little Rock,AR,37.0,82.0,10.0,7.0,0.0,Mostly Cloudy
2,2023-01-24 14:58:10,34.700374,-92.29864,Little Rock,AR,41.0,86.0,2.0,12.0,0.13,Rain
2,2023-01-14 12:59:30,35.148614,-91.795666,Searcy,AR,42.0,53.0,10.0,,0.0,Fair
2,2023-01-19 17:31:07,35.23632199999999,-92.387812,Greenbrier,AR,46.0,48.0,10.0,7.0,0.0,Fair
4,2023-01-30 10:56:16,35.293809,-94.422571,Fort Smith,AR,31.0,82.0,10.0,7.0,0.0,Cloudy
2,2023-01-13 07:33:30,35.206635,-92.389112,Greenbrier,AR,33.0,67.0,10.0,12.0,0.0,Cloudy
2,2023-01-25 14:10:00,35.177737,-92.751613,Morrilton,AR,38.0,86.0,8.0,15.0,0.0,Cloudy
2,2023-01-30 21:30:30,35.706533,-91.108734,Newport,AR,29.0,92.0,4.0,15.0,0.03,Light Snow
4,2023-01-31 07:56:22,35.661642,-91.206343,Newport,AR,23.0,92.0,10.0,13.0,0.0,Cloudy
2,2023-01-31 02:50:00,35.068359,-90.670434,Widener,AR,28.0,88.0,10.0,18.0,0.0,Wintry Mix
2,2023-01-05 03:30:50,34.803575,-92.212347,North Little Rock,AR,38.0,76.0,10.0,5.0,0.0,Fair
2,2023-01-15 19:25:43,34.880633,-91.265432,Brinkley,AR,53.0,52.0,10.0,13.0,0.0,Cloudy
2,2023-01-24 17:35:47,35.470092,-92.034488,Heber Springs,AR,32.0,100.0,0.5,0.0,0.0,Light Snow
2,2023-01-18 06:40:42,34.890951,-92.424511,North Little Rock,AR,59.0,94.0,6.0,0.0,0.0,Cloudy
2,2023-01-18 14:33:06,34.801351000000004,-91.999244,Lonoke,AR,59.0,94.0,10.0,15.0,0.0,Light Rain
4,2023-01-02 02:57:22,33.273851,-91.1812,Lake Village,AR,66.0,88.0,2.0,6.0,0.0,Fog
2,2023-01-24 17:07:05,35.771484,-94.187166,Winslow,AR,34.0,92.0,0.25,3.0,0.03,Heavy Snow
2,2023-01-02 11:40:38,35.378639,-92.278176,Quitman,AR,72.0,83.0,1.0,9.0,0.0,Haze
2,2023-01-02 11:22:02,35.564188,-90.753984,Harrisburg,AR,66.0,93.0,3.0,14.0,0.0,Cloudy
2,2023-01-27 15:28:24,34.261520000000004,-92.104426,White Hall,AR,61.0,22.0,10.0,13.0,0.0,Fair
4,2023-01-13 16:51:31,34.578483,-92.582717,Benton,AR,43.0,47.0,10.0,13.0,0.0,Fair
2,2023-01-04 18:23:35,35.84837800000001,-90.124976,Manila,AR,46.0,66.0,10.0,3.0,0.0,Fair
4,2023-01-24 16:39:18,35.736618,-92.264248,Fox,AR,32.0,100.0,0.25,0.0,0.0,Snow
2,2023-01-30 07:00:38,35.314736,-94.397549,Fort Smith,AR,29.0,89.0,10.0,8.0,0.0,Cloudy
2,2023-01-05 15:51:07,34.54651952,-92.62848973,Benton,AR,58.0,27.0,10.0,10.0,0.0,Fair
2,2023-01-16 20:22:47,33.743212,-92.706793,Bearden,AR,66.0,94.0,5.0,10.0,0.0,Fair
2,2023-01-22 14:41:54,36.188875,-94.17908,Springdale,AR,36.0,100.0,10.0,14.0,,Cloudy
4,2023-01-31 06:32:37,35.382891,-90.279293,Gilmore,AR,25.0,92.0,9.0,20.0,0.0,Cloudy
2,2023-01-05 12:23:00,34.734803,-92.261556,Little Rock,AR,58.0,28.0,10.0,18.0,0.0,Fair
2,2023-01-14 13:09:09,35.145158,-91.80089,Searcy,AR,42.0,53.0,10.0,,0.0,Fair
2,2023-01-31 08:50:30,35.771684,-90.0,Luxora,AR,24.0,88.0,10.0,17.0,0.0,Cloudy
2,2023-01-31 08:50:30,35.76391500000001,-90.005286,Osceola,AR,24.0,88.0,10.0,17.0,0.0,Cloudy
4,2023-01-20 15:46:07,35.156176,-92.719356,Morrilton,AR,57.0,33.0,10.0,0.0,0.0,Fair
2,2023-01-24 14:47:47,35.060904,-92.208091,Vilonia,AR,40.0,99.0,10.0,9.0,0.04,Light Rain
4,2023-01-30 08:54:40,35.79542041,-91.97879434,Mountain View,AR,30.0,86.0,10.0,0.0,0.0,Cloudy
2,2023-01-31 08:50:30,35.70192933,-90.04741073,Osceola,AR,24.0,88.0,10.0,17.0,0.0,Cloudy
2,2023-01-30 04:36:36,35.423267,-94.346528,Van Buren,AR,29.0,92.0,7.0,9.0,0.0,Cloudy
2,2023-01-31 09:41:14,35.642139,-91.238558,Newport,AR,24.0,88.0,10.0,16.0,0.0,Cloudy
2,2023-01-13 11:39:38,34.349246,-92.893943,Malvern,AR,43.0,56.0,10.0,7.0,0.0,Fair
2,2023-01-02 19:59:31,34.584818,-92.572175,Benton,AR,69.0,78.0,7.0,15.0,0.02,Light Rain with Thunder
2,2023-01-26 10:00:31,36.339538,-90.525043,Knobel,AR,34.0,75.0,10.0,16.0,0.0,
2,2023-01-24 18:21:00,35.69214500000001,-94.18131,Chester,AR,34.0,92.0,0.5,6.0,0.03,Snow
2,2023-01-24 16:00:32,35.607476,-92.456962,Clinton,AR,34.0,93.0,1.0,0.0,0.0,Light Snow
2,2023-01-25 09:07:15,36.398774,-93.677077,Eureka Springs,AR,32.0,100.0,1.0,10.0,0.0,Cloudy
2,2023-01-26 07:06:35,34.745021,-92.338691,Little Rock,AR,32.0,73.0,10.0,10.0,0.0,Fair
4,2023-01-30 18:04:13,34.291166,-92.172176,White Hall,AR,37.0,86.0,10.0,10.0,0.0,Light Rain
4,2023-01-24 16:49:39,36.495565,-94.166984,Pea Ridge,AR,33.0,100.0,3.0,12.0,0.01,Light Snow
4,2023-01-17 12:27:27,36.482657,-94.232484,Bella Vista,AR,64.0,28.0,10.0,8.0,0.0,Fair
2,2023-01-30 06:33:22,35.35013400000001,-94.297672,Van Buren,AR,29.0,89.0,10.0,8.0,0.0,Cloudy
2,2023-01-26 13:17:47,35.826594,-90.744522,Jonesboro,AR,38.0,51.0,10.0,17.0,0.0,Fair
2,2023-01-03 15:23:33,34.543758000000004,-92.248452,Hensley,AR,72.0,30.0,10.0,17.0,0.0,Mostly Cloudy
2,2023-01-30 03:39:13,35.423113,-94.346932,Van Buren,AR,30.0,92.0,2.0,8.0,0.0,Fog
2,2023-01-02 14:48:34,35.116668,-90.553225,Heth,AR,64.0,90.0,10.0,9.0,0.29,Light Rain
2,2023-01-06 07:50:04,35.061046999999995,-92.384747,Conway,AR,29.0,94.0,10.0,0.0,0.0,Fair
2,2023-01-31 06:32:37,35.423107,-90.232053,Gilmore,AR,25.0,92.0,9.0,20.0,0.0,Cloudy
4,2023-01-24 16:21:50,35.511226,-92.222115,Quitman,AR,32.0,100.0,0.25,0.0,0.0,Snow
2,2023-01-13 15:18:15,34.694861,-92.302132,Little Rock,AR,48.0,41.0,10.0,8.0,0.0,Fair
2,2023-01-30 09:55:31,35.84927800000001,-94.183222,Winslow,AR,25.0,88.0,10.0,6.0,0.0,Cloudy
2,2023-01-18 06:20:35,33.501512,-93.956533,Texarkana,AR,68.0,84.0,7.0,7.0,0.0,Cloudy
4,2023-01-26 10:07:56,35.17491,-94.053052,Greenwood,AR,31.0,69.0,10.0,9.0,0.0,Fair
2,2023-01-30 02:25:30,36.44964,-93.966073,Garfield,AR,21.0,100.0,3.0,8.0,0.0,Light Freezing Rain
2,2023-01-30 04:21:16,35.385032,-94.364298,Fort Smith,AR,30.0,92.0,3.0,9.0,0.0,Cloudy
2,2023-01-30 06:12:00,35.388449,-94.364105,Fort Smith,AR,29.0,92.0,6.0,7.0,0.0,Cloudy
2,2023-01-26 09:33:00,34.644169,-92.435436,Little Rock,AR,37.0,57.0,10.0,14.0,0.0,Fair
4,2023-01-30 11:07:41,36.48191,-92.499377,Mountain Home,AR,23.0,92.0,9.0,7.0,0.0,Cloudy
2,2023-01-24 16:45:10,36.00160718,-94.19577956,Fayetteville,AR,34.0,92.0,0.25,3.0,0.11,Heavy Snow
4,2023-01-18 07:53:35,35.020637,-92.180834,Vilonia,AR,61.0,99.0,2.0,7.0,0.0,Fog
4,2023-01-25 06:31:42,36.494269,-91.216789,Pocahontas,AR,34.0,100.0,10.0,12.0,0.0,Cloudy
2,2023-01-29 00:26:15,34.712194200000006,-92.26308703,Little Rock,AR,52.0,93.0,2.0,7.0,0.1,Light Rain
2,2023-01-24 16:45:10,36.04042411,-94.18959975,Fayetteville,AR,34.0,92.0,0.25,3.0,0.11,Heavy Snow
2,2023-01-30 11:07:41,36.48520900000001,-92.489834,Mountain Home,AR,23.0,92.0,9.0,7.0,0.0,Cloudy
2,2023-01-30 03:47:48,35.423267,-94.346528,Van Buren,AR,30.0,92.0,3.0,9.0,0.0,Cloudy
2,2023-01-31 07:30:00,35.498102,-91.320039,Newport,AR,23.0,93.0,10.0,14.0,0.0,Cloudy
2,2023-01-30 23:48:46,35.091590000000004,-92.422486,Conway,AR,32.0,99.0,7.0,5.0,0.03,Drizzle
2,2023-01-29 02:47:19,34.753028,-92.391647,Little Rock,AR,52.0,100.0,1.0,0.0,0.0,Heavy Rain
2,2023-01-17 23:51:33,34.742983,-92.391018,Little Rock,AR,51.0,99.0,9.0,0.0,0.0,Partly Cloudy
2,2023-01-26 10:13:53,34.875364000000005,-92.11836,Jacksonville,AR,35.0,62.0,10.0,14.0,0.0,Fair
2,2023-01-21 12:47:13,36.372855,-94.264633,Bentonville,AR,48.0,46.0,10.0,14.0,0.0,Cloudy
2,2023-01-31 08:50:30,35.7055,-90.04499,Osceola,AR,24.0,88.0,10.0,17.0,0.0,Cloudy
2,2023-01-19 06:54:58,36.290639,-91.741078,Glencoe,AR,37.0,76.0,10.0,12.0,0.0,Fair
2,2023-01-18 08:13:54,35.179761,-92.757004,Morrilton,AR,58.0,93.0,2.0,3.0,0.02,Light Rain
2,2023-01-30 08:04:30,35.8229506,-94.18784022,Winslow,AR,25.0,88.0,9.0,8.0,0.0,Cloudy
2,2023-01-21 05:07:29,34.843854,-92.349895,North Little Rock,AR,30.0,99.0,10.0,0.0,0.0,Fair
2,2023-01-24 17:07:16,35.47961,-92.089675,Heber Springs,AR,32.0,100.0,0.25,0.0,0.0,Snow
2,2023-01-24 14:47:00,35.060694,-92.197332,Vilonia,AR,40.0,99.0,10.0,9.0,0.04,Light Rain
2,2023-01-31 06:32:37,35.445183,-90.219067,Bassett,AR,27.0,100.0,7.0,10.0,0.0,Cloudy
4,2023-01-18 21:12:03,36.421185,-94.159294,Bentonville,AR,49.0,71.0,10.0,8.0,0.0,Fair
2,2023-01-31 08:02:30,35.147937,-90.287521,Marion,AR,26.0,92.0,4.0,14.0,0.0,Cloudy
2,2023-01-13 12:08:00,34.349246,-92.893943,Malvern,AR,43.0,56.0,10.0,7.0,0.0,Fair
2,2023-01-30 11:54:56,36.415244,-94.222119,Bentonville,AR,20.0,92.0,0.75,10.0,0.0,Light Snow
2,2023-01-04 16:36:43,34.79347,-92.388751,Little Rock,AR,52.0,49.0,10.0,6.0,0.0,Fair
2,2023-01-25 15:38:55,33.488208,-93.972728,Texarkana,AR,45.0,71.0,10.0,15.0,0.0,Cloudy
2,2023-01-17 15:00:42,35.127216,-92.51146,Conway,AR,69.0,58.0,10.0,6.0,0.0,Fair
2,2023-01-13 14:58:31,34.700166,-92.298797,Little Rock,AR,48.0,41.0,10.0,8.0,0.0,Fair
2,2023-01-17 07:59:50,34.181382,-92.040794,Pine Bluff,AR,63.0,90.0,5.0,6.0,0.0,Mostly Cloudy
2,2023-01-17 07:54:43,34.609149,-92.538296,Benton,AR,62.0,86.0,5.0,3.0,0.0,Mostly Cloudy
2,2023-01-15 03:08:08,36.113605,-93.779251,Huntsville,AR,41.0,70.0,10.0,10.0,,Fair
2,2023-01-19 16:13:45,35.139106,-90.099848,West Memphis,AR,50.0,50.0,10.0,9.0,0.0,Fair
2,2023-01-24 22:54:09,34.531388,-92.645515,Benton,AR,38.0,83.0,3.0,14.0,0.03,Light Rain
2,2023-01-02 17:01:30,34.46406,-93.043648,Hot Springs National Park,AR,70.0,93.0,6.0,12.0,0.0,T-Storm
2,2023-01-28 21:00:49,35.1567328,-90.12392878,West Memphis,AR,51.0,71.0,10.0,21.0,0.0,Light Rain / Windy
2,2023-01-25 03:54:16,35.93842700000001,-94.195596,West Fork,AR,34.0,92.0,9.0,7.0,0.0,Cloudy
4,2023-01-19 22:16:18,33.987463,-93.193404,Gurdon,AR,40.0,70.0,10.0,3.0,0.0,Fair
2,2023-01-22 14:57:32,36.205598,-94.182027,Springdale,AR,36.0,100.0,10.0,14.0,,Cloudy
2,2023-01-31 07:56:22,35.796137,-91.018646,Cash,AR,22.0,89.0,10.0,13.0,0.0,Cloudy
2,2023-01-17 15:00:42,35.119071000000005,-92.458464,Conway,AR,69.0,58.0,10.0,6.0,0.0,Fair
2,2023-01-31 07:28:53,34.435196999999995,-91.541896,Stuttgart,AR,27.0,92.0,10.0,15.0,0.0,Cloudy
2,2023-01-30 20:03:07,35.894974,-90.794532,Bono,AR,28.0,85.0,2.0,12.0,0.0,Wintry Mix
2,2023-01-21 10:10:57,35.492708,-94.174978,Alma,AR,45.0,60.0,10.0,13.0,0.0,Cloudy
2,2023-01-30 05:29:00,35.374406,-94.364955,Fort Smith,AR,29.0,92.0,6.0,7.0,0.0,Cloudy
2,2023-01-29 20:02:52,35.43136900000001,-92.043191,Heber Springs,AR,39.0,87.0,10.0,5.0,0.0,Cloudy
2,2023-01-24 17:46:17,35.30009000000001,-92.892646,Atkins,AR,35.0,89.0,5.0,14.0,0.15,Rain
2,2023-01-27 02:05:20,36.352717,-94.179063,Bentonville,AR,32.0,85.0,10.0,6.0,0.0,Fair
2,2023-01-03 12:37:39,36.356323,-94.178357,Bentonville,AR,54.0,53.0,10.0,15.0,0.0,Fair
2,2023-01-28 07:20:05,34.802271000000005,-91.98957,Lonoke,AR,42.0,63.0,10.0,5.0,0.0,Cloudy
2,2023-01-17 08:06:02,34.998112,-92.071048,Cabot,AR,56.0,99.0,2.0,0.0,0.0,Fog
2,2023-01-24 18:20:00,34.971744,-94.095762,Waldron,AR,33.0,100.0,7.0,8.0,0.07,Light Snow
4,2023-01-03 22:48:41,35.777887,-90.815877,Jonesboro,AR,59.0,55.0,10.0,10.0,0.0,Fair
4,2023-01-21 11:28:44,34.472798,-92.536609,Benton,AR,47.0,59.0,10.0,9.0,0.0,Mostly Cloudy
4,2023-01-30 04:36:36,35.421592,-94.348772,Van Buren,AR,29.0,92.0,7.0,9.0,0.0,Cloudy
2,2023-01-06 10:26:05,36.28048,-93.162314,Harrison,AR,48.0,39.0,10.0,8.0,0.0,Fair
2,2023-01-24 17:07:16,35.469053,-92.086818,Heber Springs,AR,32.0,100.0,0.25,0.0,0.0,Snow
2,2023-01-27 06:40:16,35.436059,-92.389944,Bee Branch,AR,21.0,100.0,10.0,0.0,0.0,Fair
2,2023-01-29 04:53:18,34.702968,-92.270839,Little Rock,AR,54.0,93.0,3.0,5.0,0.0,Cloudy
2,2023-01-06 08:31:30,35.058746,-92.38022,Conway,AR,36.0,80.0,10.0,0.0,0.0,Fair
2,2023-01-31 06:32:37,35.438138,-90.223219,Joiner,AR,27.0,100.0,7.0,10.0,0.0,Cloudy
2,2023-01-26 07:40:33,35.243588,-92.987052,Atkins,AR,29.0,78.0,10.0,12.0,0.0,Fair
2,2023-01-31 08:50:30,35.72155,-90.03408,Osceola,AR,24.0,88.0,10.0,17.0,0.0,Cloudy
2,2023-01-02 15:21:58,36.232148,-94.173541,Springdale,AR,64.0,100.0,4.0,10.0,,Light Rain
2,2023-01-30 06:26:25,35.828606,-94.183126,Winslow,AR,25.0,88.0,10.0,6.0,0.0,Cloudy
2,2023-01-03 16:39:52,34.805127,-92.366008,North Little Rock,AR,66.0,44.0,10.0,8.0,0.0,Fair
2,2023-01-25 10:41:00,34.580171,-92.579586,Benton,AR,44.0,68.0,10.0,13.0,0.0,Cloudy
2,2023-01-30 06:08:00,35.337074,-94.391006,Fort Smith,AR,29.0,92.0,6.0,7.0,0.0,Cloudy
2,2023-01-18 07:53:35,35.016884000000005,-92.170872,Vilonia,AR,61.0,99.0,2.0,7.0,0.0,Fog
2,2023-01-31 08:50:30,35.933877,-89.874289,Blytheville,AR,24.0,88.0,10.0,17.0,0.0,Cloudy
4,2023-01-31 04:29:41,35.52070300000001,-90.417813,Marked Tree,AR,23.0,88.0,3.0,12.0,0.0,Wintry Mix
2,2023-01-25 07:40:00,35.21179799999999,-94.409177,Hackett,AR,35.0,92.0,9.0,9.0,0.0,Heavy Snow
2,2023-01-31 00:53:00,35.307203,-93.142322,Russellville,AR,27.0,89.0,10.0,9.0,0.0,Cloudy
2,2023-01-24 08:08:23,34.746725,-92.36756,Little Rock,AR,36.0,86.0,10.0,6.0,0.0,Partly Cloudy
2,2023-01-30 20:03:07,35.897822,-90.79599,Bono,AR,28.0,85.0,2.0,12.0,0.0,Wintry Mix
2,2023-01-23 15:45:59,34.72757,-92.264702,Little Rock,AR,52.0,43.0,10.0,3.0,0.0,Fair
2,2023-01-25 14:20:41,35.540962,-92.445378,Clinton,AR,39.0,87.0,10.0,5.0,0.0,Cloudy
4,2023-01-18 07:43:49,34.295596,-94.280367,Wickes,AR,66.0,90.0,6.0,8.0,0.0,Cloudy
2,2023-01-26 10:08:00,34.889281,-92.104878,Jacksonville,AR,35.0,62.0,10.0,14.0,0.0,Fair
2,2023-01-04 11:58:00,34.79168,-92.059064,Scott,AR,55.0,42.0,10.0,9.0,0.0,Partly Cloudy
2,2023-01-30 05:29:00,35.39607700000001,-94.366108,Fort Smith,AR,29.0,92.0,6.0,7.0,0.0,Cloudy
2,2023-01-01 14:51:42,36.110046,-91.137973,Black Rock,AR,64.0,73.0,10.0,13.0,0.0,Fair
2,2023-01-18 19:40:30,34.944159,-91.049761,Wheatley,AR,56.0,97.0,10.0,12.0,0.0,Cloudy
2,2023-01-24 15:01:38,34.686427,-92.307359,Little Rock,AR,41.0,86.0,2.0,12.0,0.13,Rain
2,2023-01-24 16:00:32,35.604083,-92.459926,Clinton,AR,34.0,93.0,1.0,0.0,0.0,Light Snow
2,2023-01-03 07:11:55,36.08155847,-94.19882655,Fayetteville,AR,57.0,67.0,10.0,10.0,0.0,Mostly Cloudy
2,2023-01-24 17:07:05,35.68562,-94.175341,Chester,AR,34.0,92.0,0.25,3.0,0.03,Heavy Snow
2,2023-01-24 20:31:30,35.805155,-94.18772,Winslow,AR,34.0,92.0,0.75,5.0,0.06,Light Snow
2,2023-01-29 05:49:53,35.087577,-90.640822,Widener,AR,51.0,100.0,10.0,5.0,0.09,Cloudy
2,2023-01-31 06:32:00,35.332031,-90.264685,Turrell,AR,25.0,92.0,9.0,20.0,0.0,Cloudy
2,2023-01-24 18:21:12,36.497376,-94.179874,Bella Vista,AR,34.0,93.0,1.0,9.0,0.01,Light Snow
2,2023-01-24 17:45:30,35.471875,-92.026844,Heber Springs,AR,32.0,100.0,1.0,0.0,0.0,Light Snow
2,2023-01-22 17:46:14,33.855933,-92.688008,Sparkman,AR,43.0,71.0,10.0,7.0,0.0,Cloudy
2,2023-01-30 13:44:31,35.11745,-90.551732,Heth,AR,33.0,92.0,10.0,10.0,0.0,Cloudy
2,2023-01-02 14:48:56,35.817190999999994,-94.192578,Winslow,AR,70.0,78.0,1.0,15.0,0.09,T-Storm
2,2023-01-31 10:23:22,35.100415000000005,-90.602304,Heth,AR,25.0,92.0,8.0,16.0,0.0,Cloudy
2,2023-01-19 09:54:44,34.463567,-93.03824,Hot Springs National Park,AR,45.0,49.0,10.0,10.0,0.0,Fair
2,2023-01-24 13:48:19,36.134032,-94.475374,Siloam Springs,AR,37.0,93.0,7.0,7.0,0.0,Light Rain
2,2023-01-29 03:04:37,34.560101,-92.613374,Benton,AR,53.0,93.0,1.0,0.0,0.57,Heavy Rain
2,2023-01-25 07:59:50,36.383802,-94.178639,Bentonville,AR,32.0,96.0,0.25,12.0,0.01,Fog
2,2023-01-31 06:08:30,35.097306,-90.611087,Widener,AR,26.0,88.0,6.0,16.0,0.0,Cloudy
2,2023-01-24 17:07:05,35.848706,-94.18354,Winslow,AR,34.0,92.0,0.25,3.0,0.03,Heavy Snow
2,2023-01-15 14:31:00,33.552418,-93.867187,Texarkana,AR,64.0,54.0,10.0,15.0,0.0,Cloudy
2,2023-01-13 09:38:16,33.932563,-93.255656,Gurdon,AR,37.0,67.0,10.0,5.0,0.0,Fair
4,2023-01-31 04:17:00,35.120751,-90.542336,Heth,AR,27.0,92.0,3.0,16.0,0.0,Wintry Mix
2,2023-01-30 11:05:15,35.186529,-92.450639,Greenbrier,AR,34.0,100.0,7.0,6.0,0.0,Light Drizzle
2,2023-01-17 08:09:30,34.785582,-92.278276,North Little Rock,AR,56.0,99.0,2.0,0.0,0.0,Fog
2,2023-01-17 07:43:54,36.31782000000001,-94.184903,Rogers,AR,36.0,89.0,10.0,0.0,0.0,Fair
2,2023-01-03 14:53:47,36.332956,-94.034344,Rogers,AR,54.0,47.0,10.0,16.0,0.0,Fair
2,2023-01-22 20:08:08,33.825095000000005,-92.427155,Fordyce,AR,43.0,81.0,9.0,9.0,0.0,Cloudy
2,2023-01-18 16:35:54,34.647046,-92.425273,Little Rock,AR,58.0,84.0,7.0,3.0,0.0,Light Rain
2,2023-01-30 04:21:16,35.353704,-94.36526,Fort Smith,AR,30.0,92.0,3.0,9.0,0.0,Cloudy
2,2023-01-22 14:39:30,34.70803142,-92.27853656,Little Rock,AR,48.0,77.0,7.0,13.0,0.0,Cloudy
2,2023-01-24 16:01:46,35.24548,-94.205723,Fort Smith,AR,33.0,96.0,0.5,12.0,0.19,Heavy Snow
2,2023-01-18 13:44:32,34.87383485,-92.1203506,Jacksonville,AR,63.0,94.0,6.0,14.0,0.0,Light Rain
2,2023-01-22 14:57:32,36.199157,-94.18132,Springdale,AR,36.0,100.0,10.0,14.0,,Cloudy
4,2023-01-24 16:36:24,35.809054,-92.202578,Mountain View,AR,32.0,100.0,0.25,0.0,0.0,Snow
2,2023-01-19 07:56:43,34.904090000000004,-92.086795,Jacksonville,AR,43.0,89.0,10.0,12.0,0.0,Fair
2,2023-01-31 07:30:00,35.459026,-91.376352,Bradford,AR,25.0,92.0,10.0,10.0,0.0,Cloudy
2,2023-01-24 17:26:55,35.833905,-92.571019,Leslie,AR,32.0,100.0,0.5,0.0,0.0,Light Snow
4,2023-01-26 10:07:56,35.175865,-94.042359,Greenwood,AR,31.0,69.0,10.0,9.0,0.0,Fair
2,2023-01-03 12:29:33,35.185198,-92.393036,Greenbrier,AR,70.0,57.0,10.0,9.0,0.0,Fair
2,2023-01-30 13:05:04,34.5607,-91.887046,England,AR,35.0,89.0,10.0,10.0,0.0,Cloudy
2,2023-01-24 18:21:12,36.497412,-94.177479,Pea Ridge,AR,32.0,100.0,2.0,12.0,0.02,Light Snow
2,2023-01-31 10:23:22,35.128411,-90.520452,Heth,AR,25.0,92.0,8.0,16.0,0.0,Cloudy
4,2023-01-28 18:26:03,35.766019,-94.190591,Winslow,AR,50.0,83.0,10.0,7.0,0.0,Cloudy
2,2023-01-02 17:23:36,34.464808700000006,-93.05657029,Hot Springs National Park,AR,69.0,90.0,6.0,9.0,0.05,T-Storm
4,2023-01-06 04:27:03,34.399212,-92.374051,Sheridan,AR,36.0,86.0,10.0,0.0,0.0,Fair
2,2023-01-31 09:56:30,35.451708,-91.41085,Bradford,AR,26.0,88.0,10.0,10.0,0.0,Cloudy
2,2023-01-17 06:16:18,34.747017,-92.262399,Little Rock,AR,63.0,87.0,1.0,6.0,0.0,Fog
2,2023-01-30 20:11:00,35.807192,-90.678293,Jonesboro,AR,28.0,88.0,1.0,6.0,0.0,Wintry Mix
2,2023-01-31 08:50:30,35.70192933,-90.04741073,Osceola,AR,24.0,88.0,10.0,17.0,0.0,Cloudy
2,2023-01-18 20:11:00,34.567928,-92.598265,Benton,AR,56.0,87.0,10.0,7.0,0.0,Fair
2,2023-01-29 13:19:09,35.670255,-94.162553,Chester,AR,35.0,89.0,4.0,7.0,0.0,Cloudy
2,2023-01-04 18:23:55,35.84837800000001,-90.124976,Manila,AR,46.0,66.0,10.0,3.0,0.0,Fair
2,2023-01-18 14:45:31,34.803427,-91.950008,Lonoke,AR,57.0,95.0,5.0,10.0,0.02,Light Drizzle
2,2023-01-25 14:10:00,35.176848,-92.74923,Morrilton,AR,38.0,86.0,8.0,15.0,0.0,Cloudy
2,2023-01-29 00:26:15,34.708135,-92.277379,Little Rock,AR,52.0,93.0,2.0,7.0,0.1,Light Rain
2,2023-01-17 13:39:38,36.386932,-94.090042,Rogers,AR,64.0,31.0,10.0,9.0,0.0,Fair
2,2023-01-14 05:17:30,35.137026,-90.092139,West Memphis,AR,32.0,73.0,10.0,6.0,0.0,Cloudy
2,2023-01-24 15:13:52,35.177289,-93.922414,Booneville,AR,33.0,96.0,0.5,14.0,0.03,Heavy Snow
2,2023-01-17 17:46:11,36.217896,-90.958443,Pocahontas,AR,58.0,75.0,10.0,5.0,0.0,Fair
2,2023-01-31 01:32:27,34.82920289,-92.1498549,North Little Rock,AR,32.0,85.0,6.0,7.0,0.0,Cloudy
2,2023-01-02 14:17:09,34.740068,-92.390932,Little Rock,AR,68.0,100.0,10.0,10.0,0.0,Cloudy
4,2023-01-24 13:48:19,36.136329,-94.478856,Siloam Springs,AR,37.0,93.0,7.0,7.0,0.0,Light Rain
2,2023-01-24 20:29:15,36.171285,-94.186718,Springdale,AR,32.0,100.0,1.0,9.0,,Cloudy
2,2023-01-30 09:55:31,35.81147100000001,-94.191076,Winslow,AR,25.0,88.0,10.0,6.0,0.0,Cloudy
2,2023-01-31 08:46:19,36.105761,-94.179582,Fayetteville,AR,22.0,89.0,1.0,3.0,0.0,Fog
2,2023-01-05 12:31:00,34.880633,-91.265432,Brinkley,AR,54.0,43.0,10.0,21.0,0.0,Fair / Windy
4,2023-01-30 06:42:43,34.73747,-94.080262,Boles,AR,29.0,98.0,10.0,9.0,0.0,Cloudy
4,2023-01-02 15:14:31,35.812332,-94.191701,Winslow,AR,66.0,87.0,4.0,5.0,0.15,Light Rain with Thunder
2,2023-01-23 11:51:53,34.952524,-91.020499,Goodwin,AR,45.0,65.0,10.0,5.0,0.0,Mostly Cloudy
2,2023-01-21 02:52:18,34.104744000000004,-93.692796,Murfreesboro,AR,35.0,82.0,10.0,0.0,0.0,Cloudy
2,2023-01-15 14:41:14,33.574218,-93.847342,Texarkana,AR,64.0,54.0,10.0,15.0,0.0,Cloudy
4,2023-01-03 13:50:30,34.387073,-91.382476,Almyra,AR,71.0,61.0,10.0,17.0,0.0,Fair
2,2023-01-30 07:13:00,35.32365203,-94.3954432,Fort Smith,AR,29.0,89.0,10.0,7.0,0.0,Cloudy
2,2023-01-24 13:07:00,34.695289,-94.197441,Mena,AR,32.0,100.0,0.5,3.0,0.01,Snow
4,2023-01-31 02:53:29,35.105121999999994,-90.587026,Widener,AR,28.0,88.0,10.0,18.0,0.0,Wintry Mix
4,2023-01-19 07:47:58,33.59902,-92.125196,Warren,AR,50.0,71.0,10.0,12.0,0.0,Fair
2,2023-01-18 12:50:40,34.77826,-92.251628,North Little Rock,AR,67.0,90.0,4.0,9.0,0.65,Light Rain
2,2023-01-30 20:26:30,35.686876,-90.552607,Trumann,AR,28.0,88.0,1.0,6.0,0.0,Wintry Mix
4,2023-01-26 10:07:56,35.176038,-94.04368,Greenwood,AR,31.0,69.0,10.0,9.0,0.0,Fair
2,2023-01-31 10:54:30,35.148796000000004,-90.263671,Marion,AR,25.0,92.0,8.0,16.0,0.0,Cloudy
2,2023-01-04 18:47:00,36.074524,-94.202578,Fayetteville,AR,39.0,57.0,10.0,7.0,0.0,Fair
2,2023-01-06 06:47:52,34.274631,-92.134974,White Hall,AR,35.0,89.0,10.0,3.0,0.0,Fair
2,2023-01-19 07:47:58,33.599365,-92.123359,Warren,AR,50.0,71.0,10.0,12.0,0.0,Fair
2,2023-01-21 22:23:03,34.663065,-92.402904,Little Rock,AR,45.0,82.0,10.0,5.0,0.0,Cloudy
2,2023-01-05 15:44:31,34.538315999999995,-92.667838,Benton,AR,58.0,27.0,10.0,10.0,0.0,Fair
2,2023-01-18 07:29:45,33.079777,-93.900368,Doddridge,AR,68.0,87.0,6.0,9.0,0.0,Light Rain
2,2023-01-25 14:19:30,35.164518,-92.680742,Plumerville,AR,38.0,86.0,8.0,15.0,0.0,Cloudy
2,2023-01-18 11:01:40,34.813706,-92.353214,North Little Rock,AR,65.0,99.0,5.0,8.0,0.0,Cloudy
2,2023-01-30 07:15:30,35.870184,-94.17815,Winslow,AR,25.0,88.0,10.0,6.0,0.0,Cloudy
2,2023-01-06 07:39:16,35.880484,-90.597599,Brookland,AR,33.0,85.0,10.0,0.0,0.0,Fair
4,2023-01-19 06:17:24,34.357464,-91.800565,Wabbaseka,AR,51.0,77.0,10.0,9.0,0.0,Fair
2,2023-01-24 14:58:10,34.694861,-92.302132,Little Rock,AR,41.0,86.0,2.0,12.0,0.13,Rain
2,2023-01-30 06:26:25,35.882135,-94.178249,Winslow,AR,25.0,88.0,10.0,6.0,0.0,Cloudy
2,2023-01-31 09:56:30,35.495587,-91.321642,Newport,AR,24.0,88.0,10.0,16.0,0.0,Cloudy
2,2023-01-05 16:02:39,34.73674178,-92.26988912,Little Rock,AR,58.0,27.0,10.0,10.0,0.0,Fair
2,2023-01-24 17:26:55,35.807979,-92.541774,Leslie,AR,32.0,100.0,0.5,0.0,0.0,Light Snow
2,2023-01-20 09:08:01,34.696223,-92.403987,Little Rock,AR,41.0,65.0,10.0,8.0,0.0,Mostly Cloudy
2,2023-01-13 11:55:19,35.378543,-93.529942,Scranton,AR,42.0,55.0,10.0,7.0,0.0,Fair
2,2023-01-24 20:31:30,35.717988,-94.200604,Chester,AR,34.0,92.0,0.75,5.0,0.06,Light Snow
2,2023-01-24 17:42:38,35.791222,-92.537634,Leslie,AR,32.0,100.0,0.5,0.0,0.0,Light Snow
2,2023-01-17 08:13:08,34.781451000000004,-92.268101,North Little Rock,AR,55.0,100.0,0.12,0.0,0.0,Fog
2,2023-01-05 08:26:30,36.302273,-94.181265,Rogers,AR,32.0,75.0,10.0,8.0,0.0,Fair
4,2023-01-03 08:08:25,35.15317082,-90.14444232,West Memphis,AR,62.0,96.0,4.0,9.0,0.1,T-Storm
2,2023-01-31 10:23:22,35.132864,-90.484702,Heth,AR,25.0,92.0,8.0,16.0,0.0,Cloudy
2,2023-01-01 11:14:00,34.744393,-92.313437,Little Rock,AR,65.0,68.0,10.0,13.0,0.0,Mostly Cloudy
2,2023-01-17 04:12:45,34.71521974,-92.25619912,Little Rock,AR,63.0,87.0,1.0,9.0,0.0,Fog
2,2023-01-04 09:22:16,34.902984000000004,-92.402719,Maumelle,AR,45.0,61.0,10.0,10.0,0.0,Fair
2,2023-01-05 02:20:00,35.072565000000004,-90.664785,Widener,AR,44.0,65.0,,5.0,0.0,Fair
4,2023-01-24 13:07:00,34.690525,-94.199105,Boles,AR,32.0,100.0,0.5,3.0,0.01,Snow
2,2023-01-30 04:28:00,35.388449,-94.364105,Fort Smith,AR,29.0,92.0,7.0,9.0,0.0,Cloudy
4,2023-01-06 06:47:52,34.277458,-92.141458,White Hall,AR,35.0,89.0,10.0,3.0,0.0,Fair
2,2023-01-24 16:03:30,35.812936,-92.177926,Mountain View,AR,34.0,93.0,1.0,0.0,0.0,Light Snow
2,2023-01-03 17:09:00,33.964853000000005,-93.215708,Gurdon,AR,64.0,40.0,10.0,7.0,0.0,Fair
2,2023-01-30 08:04:30,35.883437,-94.178734,Winslow,AR,25.0,88.0,9.0,8.0,0.0,Cloudy
2,2023-01-12 19:06:59,34.991052,-94.101424,Waldron,AR,35.0,78.0,10.0,12.0,0.0,Fair
2,2023-01-30 05:37:00,35.408704,-94.365669,Fort Smith,AR,29.0,92.0,6.0,7.0,0.0,Cloudy
4,2023-01-19 19:58:13,35.918575,-90.58874,Brookland,AR,,,,,0.0,
2,2023-01-30 06:26:25,35.852195,-94.180972,Winslow,AR,25.0,88.0,10.0,6.0,0.0,Cloudy
2,2023-01-31 09:43:35,35.20758,-90.205248,Marion,AR,26.0,88.0,8.0,14.0,0.0,Cloudy
2,2023-01-20 07:41:05,36.247776,-92.237327,Mountain Home,AR,30.0,82.0,10.0,5.0,0.0,Fair
2,2023-01-31 08:50:30,35.777828,-89.99582,Osceola,AR,24.0,88.0,10.0,17.0,0.0,Cloudy
2,2023-01-24 17:07:05,35.907867,-94.194114,Winslow,AR,34.0,92.0,0.25,3.0,0.03,Heavy Snow
2,2023-01-30 09:55:31,35.903694,-94.19198,Winslow,AR,25.0,88.0,10.0,6.0,0.0,Cloudy
2,2023-01-30 06:26:25,35.883437,-94.178734,Winslow,AR,25.0,88.0,10.0,6.0,0.0,Cloudy
2,2023-01-31 09:45:00,35.57248900000001,-91.260563,Newport,AR,24.0,88.0,10.0,16.0,0.0,Cloudy
2,2023-01-04 12:05:44,35.046797999999995,-91.949091,Beebe,AR,50.0,52.0,10.0,9.0,0.0,Fair
2,2023-01-03 08:15:30,35.15317082,-90.14444232,West Memphis,AR,62.0,96.0,4.0,9.0,0.1,T-Storm
2,2023-01-26 10:00:31,36.343723,-90.525025,Knobel,AR,34.0,75.0,10.0,16.0,0.0,
2,2023-01-15 20:00:18,35.24903300000001,-91.824632,Searcy,AR,54.0,49.0,10.0,13.0,0.0,Cloudy
4,2023-01-13 11:55:19,35.36738300000001,-93.535862,Scranton,AR,42.0,55.0,10.0,7.0,0.0,Fair
2,2023-01-30 06:26:25,35.828606,-94.183126,Winslow,AR,25.0,88.0,10.0,6.0,0.0,Cloudy
2,2023-01-18 19:32:05,34.932657,-91.088089,Wheatley,AR,56.0,97.0,10.0,12.0,0.0,Cloudy
2,2023-01-25 17:31:54,35.174283,-92.717833,Morrilton,AR,38.0,83.0,8.0,10.0,0.0,Cloudy
4,2023-01-25 06:17:34,33.727012,-93.469566,Emmet,AR,36.0,93.0,10.0,5.0,0.0,Cloudy
2,2023-01-24 18:48:23,36.034173,-94.188161,Fayetteville,AR,34.0,92.0,1.0,5.0,0.07,Light Snow
4,2023-01-13 07:32:34,35.194136,-92.391413,Greenbrier,AR,33.0,67.0,10.0,12.0,0.0,Cloudy
2,2023-01-25 16:00:19,36.063657,-94.199688,Fayetteville,AR,36.0,82.0,5.0,7.0,0.0,Cloudy
2,2023-01-17 08:19:16,34.559687,-92.613828,Benton,AR,62.0,86.0,5.0,3.0,0.0,Mostly Cloudy
2,2023-01-17 16:13:50,34.80231,-92.213504,North Little Rock,AR,68.0,61.0,10.0,3.0,0.0,Fair
2,2023-01-24 17:07:05,35.803597,-94.188102,Winslow,AR,34.0,92.0,0.25,3.0,0.03,Heavy Snow
4,2023-01-01 08:57:26,34.843072,-92.494959,Roland,AR,52.0,99.0,7.0,0.0,0.0,Fair
2,2023-01-31 05:36:30,35.133412,-90.467996,Heth,AR,26.0,92.0,3.0,13.0,0.0,Cloudy
2,2023-01-30 20:33:22,35.489104,-94.226131,Alma,AR,29.0,85.0,10.0,5.0,0.0,Cloudy
2,2023-01-17 17:49:07,35.806711,-89.976153,Luxora,AR,59.0,62.0,10.0,0.0,0.0,Fair
2,2023-01-02 11:40:38,35.378649,-92.278933,Quitman,AR,72.0,83.0,1.0,9.0,0.0,Haze
2,2023-01-31 09:45:00,35.517585,-91.291299,Newport,AR,24.0,88.0,10.0,16.0,0.0,Cloudy
4,2023-01-30 21:27:24,35.642555,-91.23894,Newport,AR,29.0,92.0,4.0,15.0,0.03,Light Snow
2,2023-01-25 17:31:54,35.17434955,-92.72318244,Morrilton,AR,38.0,83.0,8.0,10.0,0.0,Cloudy
2,2023-01-13 07:32:34,35.198612,-92.390642,Greenbrier,AR,33.0,67.0,10.0,12.0,0.0,Cloudy
2,2023-01-15 00:52:00,34.929074,-91.11234,Wheatley,AR,35.0,89.0,10.0,6.0,0.0,Fair
2,2023-01-24 16:01:46,35.258514,-94.202855,Fort Smith,AR,33.0,96.0,0.5,12.0,0.19,Heavy Snow
4,2023-01-31 06:28:42,35.185136,-92.771376,Morrilton,AR,26.0,84.0,10.0,5.0,0.0,Cloudy
2,2023-01-12 22:55:52,34.673578000000006,-92.303638,Little Rock,AR,42.0,60.0,10.0,10.0,0.0,Mostly Cloudy
2,2023-01-30 04:36:36,35.45261264,-94.32042718,Van Buren,AR,29.0,92.0,7.0,9.0,0.0,Cloudy
2,2023-01-30 05:47:00,35.371526,-94.318759,Van Buren,AR,29.0,92.0,6.0,7.0,0.0,Cloudy
2,2023-01-18 07:11:32,36.10947,-94.169899,Fayetteville,AR,55.0,96.0,3.0,3.0,0.43,Light Rain
2,2023-01-30 06:26:25,35.848585,-94.183045,Winslow,AR,25.0,88.0,10.0,6.0,0.0,Cloudy
2,2023-01-21 14:06:26,36.17809653,-94.18324828,Springdale,AR,46.0,53.0,10.0,5.0,,Mostly Cloudy
2,2023-01-29 22:33:37,34.456258,-92.757655,Malvern,AR,46.0,96.0,3.0,5.0,0.0,Cloudy
2,2023-01-17 08:13:52,35.227662,-93.145924,Russellville,AR,39.0,100.0,5.0,0.0,0.0,Fair
2,2023-01-23 16:19:29,34.744656,-92.323693,Little Rock,AR,52.0,43.0,10.0,3.0,0.0,Fair
2,2023-01-29 00:20:37,34.801827,-92.000098,Lonoke,AR,50.0,100.0,5.0,6.0,0.0,Light Rain
2,2023-01-27 15:39:27,36.33175492,-94.18451428,Rogers,AR,54.0,33.0,10.0,18.0,0.0,Fair
2,2023-01-31 09:02:00,35.63022700000001,-90.098405,Osceola,AR,24.0,88.0,10.0,17.0,0.0,Cloudy
2,2023-01-24 22:49:00,36.181311,-94.337058,Siloam Springs,AR,34.0,100.0,1.0,7.0,0.03,Light Snow
4,2023-01-24 16:21:50,35.516006,-92.232473,Higden,AR,32.0,100.0,0.25,0.0,0.0,Snow
2,2023-01-18 08:29:02,36.138522,-94.182706,Springdale,AR,50.0,100.0,6.0,0.0,,Cloudy
2,2023-01-21 12:47:13,36.375864,-94.266033,Centerton,AR,48.0,46.0,10.0,14.0,0.0,Cloudy
2,2023-01-01 13:18:20,35.029143,-92.192753,Vilonia,AR,68.0,55.0,10.0,8.0,0.0,Fair
2,2023-01-13 07:32:00,35.179767,-92.394028,Greenbrier,AR,33.0,67.0,10.0,12.0,0.0,Cloudy
2,2023-01-23 07:58:31,36.34374,-94.085826,Rogers,AR,24.0,91.0,4.0,0.0,0.0,Fair
2,2023-01-28 21:00:49,35.1567328,-90.12392878,West Memphis,AR,51.0,71.0,10.0,21.0,0.0,Light Rain / Windy
2,2023-01-16 11:55:09,34.428145,-92.842131,Malvern,AR,61.0,83.0,10.0,9.0,0.0,Cloudy
2,2023-01-30 04:36:36,35.45261264,-94.32042718,Van Buren,AR,29.0,92.0,7.0,9.0,0.0,Cloudy
2,2023-01-31 09:56:30,35.510373,-91.306528,Newport,AR,24.0,88.0,10.0,16.0,0.0,Cloudy
2,2023-01-05 08:36:06,36.31782000000001,-94.184903,Rogers,AR,34.0,70.0,10.0,14.0,0.0,Fair
2,2023-01-24 17:35:47,35.468592,-92.035014,Heber Springs,AR,32.0,100.0,0.5,0.0,0.0,Light Snow
2,2023-01-13 15:38:41,34.798554,-92.217232,North Little Rock,AR,42.0,47.0,10.0,9.0,0.0,Fair
2,2023-01-15 04:36:49,34.807436,-92.208889,North Little Rock,AR,33.0,82.0,10.0,0.0,0.0,Partly Cloudy
2,2023-01-22 15:30:05,34.305522,-92.138083,White Hall,AR,48.0,86.0,2.0,7.0,0.05,Light Rain
2,2023-01-24 16:45:10,36.034173,-94.188161,Fayetteville,AR,34.0,92.0,0.25,3.0,0.11,Heavy Snow
4,2023-01-02 02:57:22,33.2737,-91.182406,Lake Village,AR,66.0,88.0,2.0,6.0,0.0,Fog
2,2023-01-30 10:56:16,35.293809,-94.422571,Fort Smith,AR,31.0,82.0,10.0,7.0,0.0,Cloudy
2,2023-01-31 07:56:22,35.661642,-91.206343,Newport,AR,23.0,92.0,10.0,13.0,0.0,Cloudy
2,2023-01-31 01:47:30,34.82920289,-92.1498549,North Little Rock,AR,32.0,85.0,4.0,14.0,0.0,Cloudy
2,2023-01-30 06:26:25,35.859375,-94.177039,Winslow,AR,25.0,88.0,10.0,6.0,0.0,Cloudy
2,2023-01-02 02:57:22,33.273851,-91.1812,Lake Village,AR,66.0,88.0,2.0,6.0,0.0,Fog
2,2023-01-03 07:01:24,34.639403,-92.447723,Bryant,AR,65.0,90.0,9.0,0.0,0.0,Cloudy
2,2023-01-30 07:28:00,35.828606,-94.183126,Winslow,AR,25.0,88.0,9.0,8.0,0.0,Cloudy
2,2023-01-14 11:27:30,35.061001,-92.181149,Vilonia,AR,40.0,54.0,10.0,0.0,0.0,Fair
2,2023-01-03 06:02:30,35.858597,-89.941079,Blytheville,AR,63.0,97.0,6.0,14.0,0.19,Heavy Rain
2,2023-01-05 20:41:30,35.409984,-93.380468,Lamar,AR,35.0,76.0,10.0,0.0,0.0,Fair
4,2023-01-24 16:39:18,35.736395,-92.264298,Mountain View,AR,32.0,100.0,0.25,0.0,0.0,Snow
2,2023-01-30 16:40:57,34.677545,-92.408558,Little Rock,AR,36.0,79.0,10.0,9.0,0.0,Cloudy
2,2023-01-24 15:58:16,35.30719399,-93.14231515,Russellville,AR,33.0,92.0,0.5,3.0,0.08,Snow
2,2023-01-17 17:49:07,35.813177,-89.971746,Luxora,AR,59.0,62.0,10.0,0.0,0.0,Fair
2,2023-01-24 16:39:18,35.736618,-92.264248,Fox,AR,32.0,100.0,0.25,0.0,0.0,Snow
2,2023-01-20 15:46:07,35.156176,-92.719356,Morrilton,AR,57.0,33.0,10.0,0.0,0.0,Fair
2,2023-01-25 10:48:23,34.600138,-92.54897,Benton,AR,44.0,68.0,10.0,13.0,0.0,Cloudy
2,2023-01-19 20:24:00,35.9102,-90.588061,Brookland,AR,,,,,0.0,
2,2023-01-31 06:32:37,35.382891,-90.279293,Gilmore,AR,25.0,92.0,9.0,20.0,0.0,Cloudy
2,2023-01-03 08:27:30,36.10688,-94.176308,Fayetteville,AR,55.0,59.0,10.0,15.0,0.0,Mostly Cloudy
2,2023-01-29 22:33:30,34.456258,-92.757655,Malvern,AR,46.0,96.0,3.0,5.0,0.0,Cloudy
2,2023-01-30 06:26:25,35.828606,-94.183126,Winslow,AR,25.0,88.0,10.0,6.0,0.0,Cloudy
2,2023-01-30 08:54:40,35.79542041,-91.97879434,Mountain View,AR,30.0,86.0,10.0,0.0,0.0,Cloudy
2,2023-01-04 19:14:04,35.672055,-94.164517,Chester,AR,39.0,57.0,10.0,7.0,0.0,Fair
2,2023-01-21 21:05:16,35.45570254,-94.32358146,Van Buren,AR,44.0,71.0,10.0,5.0,0.0,Mostly Cloudy
2,2023-01-14 07:40:03,34.626859,-92.480552,Bryant,AR,27.0,81.0,10.0,0.0,0.0,Fair
2,2023-01-24 16:49:39,36.495565,-94.166984,Pea Ridge,AR,33.0,100.0,3.0,12.0,0.01,Light Snow
2,2023-01-05 09:17:51,34.508495,-92.696796,Benton,AR,43.0,60.0,10.0,10.0,0.0,Fair
2,2023-01-30 18:04:13,34.291166,-92.172176,White Hall,AR,37.0,86.0,10.0,10.0,0.0,Light Rain
2,2023-01-30 13:32:00,36.219018,-94.181152,Springdale,AR,23.0,100.0,1.0,6.0,,Fog
4,2023-01-27 08:07:53,34.923456,-94.162118,Waldron,AR,33.0,88.0,10.0,5.0,0.0,Fair
2,2023-01-24 16:03:30,35.811574,-92.186775,Mountain View,AR,34.0,93.0,1.0,0.0,0.0,Light Snow
2,2023-01-25 14:10:00,35.174558000000005,-92.739795,Morrilton,AR,38.0,86.0,8.0,15.0,0.0,Cloudy
4,2023-01-03 11:14:12,36.246788,-92.269927,Mountain Home,AR,61.0,93.0,10.0,6.0,0.0,Mostly Cloudy
4,2023-01-18 21:12:03,36.42468,-94.154941,Bentonville,AR,49.0,71.0,10.0,8.0,0.0,Fair
2,2023-01-17 12:27:27,36.482657,-94.232484,Bella Vista,AR,64.0,28.0,10.0,8.0,0.0,Fair
2,2023-01-31 05:52:30,35.369208,-90.27954,Gilmore,AR,26.0,88.0,6.0,16.0,0.0,Cloudy
2,2023-01-24 17:26:04,34.821694,-92.196037,Sherwood,AR,37.0,100.0,5.0,17.0,0.0,Wintry Mix
2,2023-01-24 16:21:50,35.511226,-92.222115,Quitman,AR,32.0,100.0,0.25,0.0,0.0,Snow
2,2023-01-03 07:01:24,34.640584999999994,-92.444641,Alexander,AR,65.0,90.0,9.0,0.0,0.0,Cloudy
2,2023-01-31 07:30:00,35.567166,-91.261043,Newport,AR,23.0,93.0,10.0,14.0,0.0,Cloudy
2,2023-01-17 02:30:10,34.857611,-92.132677,Jacksonville,AR,57.0,100.0,6.0,5.0,0.0,Mostly Cloudy
2,2023-01-14 23:57:00,34.927933,-91.119815,Wheatley,AR,36.0,86.0,10.0,7.0,0.0,Fair
2,2023-01-21 22:36:30,34.661407000000004,-92.402319,Little Rock,AR,44.0,85.0,5.0,6.0,0.0,Cloudy
2,2023-01-25 06:31:42,36.494269,-91.216789,Pocahontas,AR,34.0,100.0,10.0,12.0,0.0,Cloudy
2,2023-01-30 05:29:00,35.377833,-94.365631,Fort Smith,AR,29.0,92.0,6.0,7.0,0.0,Cloudy
2,2023-01-26 11:05:00,36.332549,-90.525068,Knobel,AR,34.0,75.0,10.0,14.0,0.0,
2,2023-01-22 14:47:10,34.712194200000006,-92.26308703,Little Rock,AR,48.0,77.0,7.0,13.0,0.0,Cloudy
2,2023-01-18 19:30:00,35.332031,-90.264685,Turrell,AR,57.0,93.0,8.0,12.0,0.05,Light Rain
2,2023-01-30 11:07:41,36.48191,-92.499377,Mountain Home,AR,23.0,92.0,9.0,7.0,0.0,Cloudy
2,2023-01-26 10:07:56,35.17491,-94.053052,Greenwood,AR,31.0,69.0,10.0,9.0,0.0,Fair
2,2023-01-19 20:16:00,35.912208,-90.588175,Brookland,AR,,,,,0.0,
2,2023-01-05 00:32:37,34.541594,-92.632253,Benton,AR,41.0,67.0,10.0,6.0,0.0,Fair
2,2023-01-20 08:20:36,36.171353,-94.021381,Springdale,AR,34.0,93.0,10.0,0.0,,Fair
2,2023-01-18 07:30:58,34.732661,-92.400038,Little Rock,AR,61.0,100.0,3.0,6.0,0.0,Cloudy
2,2023-01-18 07:53:35,35.020637,-92.180834,Vilonia,AR,61.0,99.0,2.0,7.0,0.0,Fog
2,2023-01-25 09:37:16,35.821759,-94.188987,Winslow,AR,34.0,93.0,2.0,6.0,0.0,Fog
2,2023-01-31 02:53:29,35.105121999999994,-90.587026,Widener,AR,28.0,88.0,10.0,18.0,0.0,Wintry Mix
2,2023-01-18 17:16:12,34.738006,-92.391919,Little Rock,AR,56.0,99.0,10.0,0.0,0.01,Cloudy
2,2023-01-29 06:40:04,36.339753,-94.069326,Rogers,AR,34.0,93.0,3.0,8.0,0.0,Cloudy
2,2023-01-19 06:56:02,34.752334999999995,-92.262258,North Little Rock,AR,48.0,83.0,10.0,7.0,0.0,Fair
2,2023-01-27 07:22:23,34.810163,-92.309377,North Little Rock,AR,26.0,99.0,10.0,0.0,0.0,Fair
2,2023-01-30 08:20:19,34.618390000000005,-92.31563,Little Rock,AR,36.0,93.0,7.0,9.0,0.0,Cloudy
2,2023-01-23 16:34:46,34.755966,-92.262037,North Little Rock,AR,50.0,48.0,10.0,5.0,0.0,Fair
4,2023-01-21 23:49:53,35.45646400000001,-93.477247,Clarksville,AR,42.0,85.0,10.0,3.0,0.0,Cloudy
2,2023-01-30 21:27:24,35.639047,-91.238691,Newport,AR,29.0,92.0,4.0,15.0,0.03,Light Snow
2,2023-01-20 15:50:57,34.687099,-92.269371,Little Rock,AR,57.0,33.0,10.0,5.0,0.0,Fair
4,2023-01-17 12:27:27,36.482066,-94.233861,Bella Vista,AR,64.0,28.0,10.0,8.0,0.0,Fair
2,2023-01-19 11:09:47,34.628906,-92.268988,Little Rock,AR,49.0,41.0,10.0,16.0,0.0,Fair
2,2023-01-05 13:00:27,34.885187,-91.259387,Brinkley,AR,54.0,43.0,10.0,21.0,0.0,Fair / Windy
2,2023-01-04 18:15:30,34.67505097,-92.40741134,Little Rock,AR,51.0,46.0,10.0,9.0,0.0,Fair
2,2023-01-18 21:12:03,36.421185,-94.159294,Bentonville,AR,49.0,71.0,10.0,8.0,0.0,Fair
2,2023-01-14 07:40:03,34.627055,-92.480048,Bryant,AR,27.0,81.0,10.0,0.0,0.0,Fair
2,2023-01-14 10:54:00,35.060493,-92.187431,Vilonia,AR,37.0,59.0,10.0,0.0,0.0,Fair
2,2023-01-18 07:11:32,36.106881,-94.176215,Fayetteville,AR,55.0,96.0,3.0,3.0,0.43,Light Rain
2,2023-01-23 16:11:56,34.743649,-92.288501,Little Rock,AR,52.0,43.0,10.0,3.0,0.0,Fair
2,2023-01-31 02:50:00,35.125736,-90.527343,Heth,AR,28.0,88.0,10.0,18.0,0.0,Wintry Mix
2,2023-01-30 07:13:00,35.337752,-94.388971,Fort Smith,AR,29.0,89.0,10.0,7.0,0.0,Cloudy
4,2023-01-02 17:23:36,34.464076,-93.027338,Hot Springs National Park,AR,69.0,90.0,6.0,9.0,0.05,T-Storm
2,2023-01-18 14:25:00,34.732194,-92.262398,Little Rock,AR,62.0,78.0,3.0,9.0,0.01,Light Rain
4,2023-01-27 19:16:29,33.688993,-92.710633,Camden,AR,48.0,46.0,10.0,0.0,0.0,Fair
2,2023-01-21 11:56:28,35.230015,-90.317416,Crawfordsville,AR,48.0,52.0,10.0,7.0,0.0,Light Rain
2,2023-01-16 06:27:47,34.246441,-93.416252,Amity,AR,56.0,90.0,9.0,7.0,0.01,Light Rain
2,2023-01-30 06:26:25,35.907518,-94.193096,West Fork,AR,25.0,88.0,10.0,6.0,0.0,Cloudy
2,2023-01-19 22:16:18,33.987463,-93.193404,Gurdon,AR,40.0,70.0,10.0,3.0,0.0,Fair
2,2023-01-05 08:21:00,36.31782000000001,-94.184903,Rogers,AR,32.0,75.0,10.0,8.0,0.0,Fair
2,2023-01-21 11:28:44,34.472798,-92.536609,Benton,AR,47.0,59.0,10.0,9.0,0.0,Mostly Cloudy
2,2023-01-02 12:33:37,35.132644,-90.490774,Heth,AR,69.0,90.0,10.0,13.0,0.0,Cloudy
2,2023-01-30 04:36:36,35.421592,-94.348772,Van Buren,AR,29.0,92.0,7.0,9.0,0.0,Cloudy
2,2023-01-03 22:48:41,35.777887,-90.815877,Jonesboro,AR,59.0,55.0,10.0,10.0,0.0,Fair
2,2023-01-03 04:24:52,34.78117,-92.161579,North Little Rock,AR,65.0,87.0,10.0,8.0,0.0,Mostly Cloudy
2,2023-01-30 09:55:31,35.903694,-94.19198,Winslow,AR,25.0,88.0,10.0,6.0,0.0,Cloudy
2,2023-01-27 08:42:29,36.178949,-94.329931,Springdale,AR,39.0,61.0,10.0,10.0,,Fair
2,2023-01-24 17:07:05,35.743777,-94.19918,Chester,AR,34.0,92.0,0.25,3.0,0.03,Heavy Snow
2,2023-01-17 11:23:40,34.92985,-91.105328,Wheatley,AR,64.0,83.0,10.0,7.0,0.0,Mostly Cloudy
2,2023-01-02 22:31:03,34.982859999999995,-92.416593,Mayflower,AR,68.0,100.0,8.0,12.0,0.0,Light Rain with Thunder
2,2023-01-01 01:44:03,34.655817,-92.262807,Little Rock,AR,46.0,93.0,0.5,0.0,0.0,Fog
2,2023-01-06 05:15:00,34.388402,-92.376739,Sheridan,AR,36.0,86.0,10.0,0.0,0.0,Fair
2,2023-01-30 06:19:43,35.848706,-94.18354,Winslow,AR,24.0,91.0,10.0,6.0,0.0,Cloudy
2,2023-01-04 16:36:43,34.797564,-92.380284,Little Rock,AR,52.0,49.0,10.0,6.0,0.0,Fair
2,2023-01-02 17:29:30,33.657102,-93.652194,Hope,AR,70.0,87.0,7.0,15.0,0.11,T-Storm
2,2023-01-13 16:51:31,34.58196759,-92.57692695,Benton,AR,43.0,47.0,10.0,13.0,0.0,Fair
2,2023-01-03 04:51:01,34.781448,-92.161119,North Little Rock,AR,65.0,87.0,10.0,8.0,0.0,Mostly Cloudy
2,2023-01-30 20:47:30,35.80719000000001,-90.678234,Jonesboro,AR,28.0,92.0,1.0,7.0,0.0,Wintry Mix
4,2023-01-15 20:56:04,35.60383,-94.177302,Mountainburg,AR,60.0,64.0,10.0,6.0,0.0,Cloudy
2,2023-01-24 17:23:45,35.459589,-92.035904,Heber Springs,AR,32.0,100.0,0.25,0.0,0.0,Snow
2,2023-01-25 14:35:10,35.146021999999995,-90.123764,Marion,AR,41.0,73.0,10.0,9.0,0.0,Cloudy
2,2023-01-31 04:29:41,35.52070300000001,-90.417813,Marked Tree,AR,23.0,88.0,3.0,12.0,0.0,Wintry Mix
2,2023-01-30 15:37:49,34.6782,-92.407775,Little Rock,AR,37.0,93.0,10.0,6.0,0.0,Cloudy
4,2023-01-18 07:43:49,34.295917,-94.281899,Wickes,AR,66.0,90.0,6.0,8.0,0.0,Cloudy
2,2023-01-22 11:55:17,33.678744,-93.614602,Hope,AR,49.0,61.0,10.0,14.0,0.0,Cloudy
2,2023-01-30 07:24:00,34.892578,-92.39749,Maumelle,AR,35.0,99.0,7.0,6.0,0.0,Cloudy
2,2023-01-29 02:31:30,34.611562,-92.515456,Bryant,AR,53.0,93.0,1.0,3.0,0.17,Heavy Rain
2,2023-01-30 09:55:31,35.848706,-94.18354,Winslow,AR,25.0,88.0,10.0,6.0,0.0,Cloudy
2,2023-01-28 07:20:05,34.801679,-91.991567,Lonoke,AR,42.0,63.0,10.0,5.0,0.0,Cloudy
2,2023-01-06 07:34:30,35.89344600000001,-90.588503,Brookland,AR,33.0,85.0,10.0,0.0,0.0,Fair
2,2023-01-05 14:24:41,36.357693,-92.341405,Mountain Home,AR,50.0,32.0,10.0,8.0,0.0,Fair
2,2023-01-30 20:11:00,35.63565,-90.505018,Trumann,AR,28.0,88.0,1.0,6.0,0.0,Wintry Mix
2,2023-01-30 21:27:24,35.637552,-91.238712,Newport,AR,29.0,92.0,4.0,15.0,0.03,Light Snow
2,2023-01-18 07:43:49,34.295596,-94.280367,Wickes,AR,66.0,90.0,6.0,8.0,0.0,Cloudy
2,2023-01-30 13:05:04,34.564863,-91.888195,England,AR,35.0,89.0,10.0,10.0,0.0,Cloudy
2,2023-01-31 06:32:37,35.452345,-90.214857,Joiner,AR,27.0,100.0,7.0,10.0,0.0,Cloudy
2,2023-01-16 07:35:28,34.452138,-92.350528,Sheridan,AR,57.0,77.0,10.0,15.0,0.0,Cloudy
2,2023-01-31 07:09:02,33.932017,-91.889304,Star City,AR,30.0,100.0,10.0,13.0,0.0,Cloudy
2,2023-01-24 15:45:48,35.4725,-94.261567,Van Buren,AR,33.0,96.0,0.5,12.0,0.19,Heavy Snow
2,2023-01-24 16:45:10,36.00160718,-94.19577956,Fayetteville,AR,34.0,92.0,0.25,3.0,0.11,Heavy Snow
2,2023-01-29 00:26:15,34.712194200000006,-92.26308703,Little Rock,AR,52.0,93.0,2.0,7.0,0.1,Light Rain
2,2023-01-25 07:40:51,34.711088000000004,-92.27082,Little Rock,AR,37.0,82.0,10.0,7.0,0.0,Mostly Cloudy
4,2023-01-25 18:01:02,35.162793,-93.591961,Paris,AR,38.0,83.0,8.0,8.0,0.0,Cloudy
2,2023-01-22 02:10:48,36.065291,-94.200565,Fayetteville,AR,36.0,93.0,9.0,0.0,0.0,Cloudy
4,2023-01-15 19:25:43,34.880633,-91.265432,Brinkley,AR,53.0,52.0,10.0,13.0,0.0,Cloudy
2,2023-01-03 09:14:30,36.09194398,-94.19127345,Fayetteville,AR,55.0,59.0,10.0,15.0,0.0,Mostly Cloudy
4,2023-01-14 14:42:05,35.509536,-90.148073,Joiner,AR,45.0,43.0,10.0,0.0,0.0,Fair
2,2023-01-14 10:50:26,35.060559000000005,-92.190271,Vilonia,AR,37.0,59.0,10.0,0.0,0.0,Fair
2,2023-01-18 12:44:39,34.744115,-92.308774,Little Rock,AR,67.0,87.0,0.5,7.0,0.38,Heavy Rain
2,2023-01-31 08:50:30,35.760013,-90.00794599999998,Luxora,AR,24.0,88.0,10.0,17.0,0.0,Cloudy
2,2023-01-30 08:39:03,35.790811,-94.123637,Winslow,AR,25.0,88.0,2.0,5.0,0.0,Fog
2,2023-01-30 05:37:00,35.399956,-94.366183,Fort Smith,AR,29.0,92.0,6.0,7.0,0.0,Cloudy
2,2023-01-22 14:17:07,34.65760589,-92.40754008,Little Rock,AR,48.0,80.0,7.0,10.0,0.0,Cloudy
2,2023-01-03 05:47:18,35.843263,-89.951554,Blytheville,AR,63.0,97.0,7.0,12.0,0.15,T-Storm
2,2023-01-13 09:55:00,33.917497,-93.277436,Gurdon,AR,37.0,67.0,10.0,5.0,0.0,Fair
2,2023-01-31 04:17:00,35.120751,-90.542336,Heth,AR,27.0,92.0,3.0,16.0,0.0,Wintry Mix
4,2023-01-19 15:02:10,34.556132,-92.81089,Lonsdale,AR,54.0,35.0,10.0,8.0,0.0,Fair
